item_id,datetime,month,region,mgrs_tile,cloud_cover_pct,B02_blue,B03_green,B04_red,B08_nir,B11_swir16,B12_swir22,NDVI,NDBI,NDMI,BSI
S2B_35SPV_20250930_0_L2A,2025-09-30 09:00:27.237000+00:00,2025-09,Rhodes,MGRS-35SPV,0.27,0.038442,0.018203,0.011336,0.009409,0.007952,0.007716,-0.0929,-0.0839,0.0839,-0.4254
S2C_35SPV_20250826_0_L2A,2025-08-26 09:00:46.190000+00:00,2025-08,Rhodes,MGRS-35SPV,0.0,0.040844,0.021919,0.014253,0.011635,0.008944,0.0082,-0.1011,-0.1307,0.1307,-0.3869
S2C_35SPV_20250727_0_L2A,2025-07-27 09:00:49.051000+00:00,2025-07,Rhodes,MGRS-35SPV,0.0,0.056823,0.038502,0.031517,0.028927,0.023719,0.018468,-0.0428,-0.0989,0.0989,-0.2164
S2C_35SNV_20250627_0_L2A,2025-06-27 09:00:50.743000+00:00,2025-06,Rhodes,MGRS-35SNV,0.01,0.066825,0.065071,0.066966,0.107617,0.113697,0.084807,0.2328,0.0275,-0.0275,0.0175
S2B_35SPV_20250523_0_L2A,2025-05-23 09:00:28.028000+00:00,2025-05,Rhodes,MGRS-35SPV,0.0,0.053796,0.035406,0.029692,0.028785,0.024695,0.02075,-0.0155,-0.0765,0.0765,-0.2058
S2C_35SPV_20250428_0_L2A,2025-04-28 09:00:48.911000+00:00,2025-04,Rhodes,MGRS-35SPV,0.45,0.032347,0.013375,0.006325,0.004644,0.004076,0.00332,-0.1533,-0.0651,0.0651,-0.561
S2B_35SPV_20240925_0_L2A,2024-09-25 09:00:25.735000+00:00,2024-09,Rhodes,MGRS-35SPV,0.0,0.030514,0.011221,0.004586,0.002265,0.001014,0.001033,-0.3387,-0.3816,0.3816,-0.7082
S2A_35SPV_20240821_0_L2A,2024-08-21 09:00:24.936000+00:00,2024-08,Rhodes,MGRS-35SPV,0.0,0.046047,0.028867,0.022894,0.020247,0.019723,0.018597,-0.0614,-0.0131,0.0131,-0.2174
S2A_35SPV_20240722_0_L2A,2024-07-22 09:00:28.572000+00:00,2024-07,Rhodes,MGRS-35SPV,0.0,0.053025,0.034759,0.027892,0.024816,0.021503,0.019358,-0.0583,-0.0715,0.0715,-0.2236
S2B_35SPA_20240627_0_L2A,2024-06-27 09:00:15.852000+00:00,2024-06,Rhodes,MGRS-35SPA,0.0,0.046105,0.039442,0.042802,0.069944,0.071197,0.055824,0.2407,0.0089,-0.0089,-0.0089
S2B_35SPV_20240528_0_L2A,2024-05-28 09:00:26.652000+00:00,2024-05,Rhodes,MGRS-35SPV,0.0,0.055127,0.037163,0.031911,0.031309,0.030494,0.029786,-0.0095,-0.0132,0.0132,-0.1615
S2B_35SPV_20240428_0_L2A,2024-04-28 09:00:26.143000+00:00,2024-04,Rhodes,MGRS-35SPV,0.0,0.048527,0.0284,0.021571,0.020162,0.016392,0.015341,-0.0338,-0.1031,0.1031,-0.2881
S2B_35SPA_20230921_0_L2A,2023-09-21 09:00:15.789000+00:00,2023-09,Rhodes,MGRS-35SPA,0.0,0.031131,0.019943,0.020315,0.042128,0.043861,0.033207,0.3493,0.0202,-0.0202,-0.0661
S2B_35SNA_20230825_1_L2A,2023-08-25 09:10:23.055000+00:00,2023-08,Rhodes,MGRS-35SNA,0.0,0.068654,0.068107,0.072098,0.101523,0.122517,0.096988,0.1695,0.0937,-0.0937,0.067
S2A_35SPV_20230728_0_L2A,2023-07-28 09:00:32.022000+00:00,2023-07,Rhodes,MGRS-35SPV,0.0,0.052216,0.035561,0.030158,0.028892,0.026886,0.025964,-0.0214,-0.036,0.036,-0.1742
S2B_35SPA_20230623_0_L2A,2023-06-23 09:00:21.062000+00:00,2023-06,Rhodes,MGRS-35SPA,0.0,0.054674,0.043256,0.038567,0.063113,0.059019,0.046936,0.2414,-0.0335,0.0335,-0.0938
S2B_35SNA_20230517_0_L2A,2023-05-17 09:10:15.810000+00:00,2023-05,Rhodes,MGRS-35SNA,7.47,0.102175,0.100954,0.102006,0.137879,0.133426,0.111902,0.1495,-0.0164,0.0164,-0.0097
S2B_35SPV_20230424_0_L2A,2023-04-24 09:00:28.839000+00:00,2023-04,Rhodes,MGRS-35SPV,0.0,0.046618,0.025794,0.017888,0.016082,0.012768,0.012781,-0.0532,-0.1149,0.1149,-0.3432
S2A_35SPV_20220921_0_L2A,2022-09-21 09:00:34.235000+00:00,2022-09,Rhodes,MGRS-35SPV,0.0,0.039182,0.0234,0.017376,0.015519,0.014232,0.015465,-0.0565,-0.0433,0.0433,-0.2676
S2B_35SNA_20220830_0_L2A,2022-08-30 09:10:12.012000+00:00,2022-08,Rhodes,MGRS-35SNA,0.25,0.043383,0.043024,0.04581,0.082182,0.087278,0.067072,0.2842,0.0301,-0.0301,0.0291
S2B_35SPV_20220728_0_L2A,2022-07-28 09:00:31.819000+00:00,2022-07,Rhodes,MGRS-35SPV,0.0,0.04669,0.025005,0.016587,0.013276,0.00966,0.009083,-0.1109,-0.1576,0.1576,-0.3911
S2A_35SNV_20220623_0_L2A,2022-06-23 09:00:42.269000+00:00,2022-06,Rhodes,MGRS-35SNV,0.0,0.057619,0.059846,0.06067,0.103389,0.105524,0.075963,0.2604,0.0102,-0.0102,0.0158
S2B_35SPV_20220529_0_L2A,2022-05-29 09:00:26.860000+00:00,2022-05,Rhodes,MGRS-35SPV,0.48,0.059765,0.044283,0.039465,0.038151,0.033064,0.030823,-0.0169,-0.0714,0.0714,-0.1489
S2A_35SPV_20220424_0_L2A,2022-04-24 09:00:31.746000+00:00,2022-04,Rhodes,MGRS-35SPV,0.0,0.032525,0.018772,0.01321,0.012484,0.010911,0.011644,-0.0283,-0.0672,0.0672,-0.3022
S2A_35SPV_20210926_0_L2A,2021-09-26 09:00:30.555000+00:00,2021-09,Rhodes,MGRS-35SPV,0.0,0.020371,0.005168,0.000212,0.000101,0.000309,0.000768,-0.3566,0.5083,-0.5083,-0.9503
S2A_35SPV_20210827_0_L2A,2021-08-27 09:00:28.617000+00:00,2021-08,Rhodes,MGRS-35SPV,0.0,0.042536,0.025953,0.018244,0.014436,0.010354,0.008888,-0.1165,-0.1646,0.1646,-0.3316
S2A_35SPV_20210728_0_L2A,2021-07-28 09:00:30.188000+00:00,2021-07,Rhodes,MGRS-35SPV,0.0,0.048818,0.033704,0.028585,0.026951,0.026263,0.026473,-0.0294,-0.0129,0.0129,-0.1602
S2A_35SPV_20210628_1_L2A,2021-06-28 09:00:28.489000+00:00,2021-06,Rhodes,MGRS-35SPV,0.01,0.057672,0.040738,0.034959,0.032888,0.029483,0.027007,-0.0305,-0.0546,0.0546,-0.1685
S2A_35SNA_20210529_1_L2A,2021-05-29 09:00:16.275000+00:00,2021-05,Rhodes,MGRS-35SNA,0.02,0.050396,0.061702,0.067438,0.142801,0.13221,0.093345,0.3585,-0.0385,0.0385,0.0164
S2A_35SNV_20210422_0_L2A,2021-04-22 09:10:21.476000+00:00,2021-04,Rhodes,MGRS-35SNV,1.28,0.058041,0.06827,0.068627,0.158609,0.126153,0.090734,0.396,-0.114,0.114,-0.0532
S2B_35SPV_20200926_0_L2A,2020-09-26 09:00:29.556000+00:00,2020-09,Rhodes,MGRS-35SPV,0.0,0.037781,0.023369,0.017912,0.015376,0.013673,0.012283,-0.0762,-0.0586,0.0586,-0.2546
S2B_35SPV_20200827_0_L2A,2020-08-27 09:00:30.187000+00:00,2020-08,Rhodes,MGRS-35SPV,0.0,0.039993,0.020941,0.01426,0.012153,0.010211,0.008443,-0.0798,-0.0868,0.0868,-0.3612
S2B_35SNA_20200728_1_L2A,2020-07-28 09:00:17.994000+00:00,2020-07,Rhodes,MGRS-35SNA,0.01,0.038874,0.045773,0.052403,0.120043,0.121796,0.086627,0.3922,0.0072,-0.0072,0.0459
S2B_35SPV_20200628_0_L2A,2020-06-28 09:00:29.259000+00:00,2020-06,Rhodes,MGRS-35SPV,0.0,0.059659,0.041799,0.036419,0.035163,0.03393,0.031905,-0.0175,-0.0178,0.0178,-0.1482
S2B_35SPV_20200529_0_L2A,2020-05-29 09:00:28.148000+00:00,2020-05,Rhodes,MGRS-35SPV,0.32,0.066833,0.049405,0.045067,0.045605,0.044643,0.03918,0.0059,-0.0107,0.0107,-0.1124
S2B_35SNV_20200429_0_L2A,2020-04-29 09:00:25.763000+00:00,2020-04,Rhodes,MGRS-35SNV,1.1,0.058076,0.053446,0.049708,0.104646,0.08835,0.065012,0.3559,-0.0844,0.0844,-0.082
S2A_35SPV_20190927_0_L2A,2019-09-27 09:00:27.984000+00:00,2019-09,Rhodes,MGRS-35SPV,0.01,0.016591,0.002377,0.000112,0.000109,0.000252,0.000471,-0.0128,0.3952,-0.3952,-0.9573
S2A_35SPV_20190828_1_L2A,2019-08-28 09:00:29.658000+00:00,2019-08,Rhodes,MGRS-35SPV,0.16,0.05103,0.032042,0.022128,0.016024,0.009704,0.007249,-0.16,-0.2456,0.2456,-0.3562
S2A_35SPV_20190729_0_L2A,2019-07-29 09:00:31.604000+00:00,2019-07,Rhodes,MGRS-35SPV,0.0,0.045381,0.030606,0.025172,0.023215,0.022339,0.020827,-0.0404,-0.0192,0.0192,-0.1816
S2A_35SPA_20190629_2_L2A,2019-06-29 09:00:16.786000+00:00,2019-06,Rhodes,MGRS-35SPA,0.0,0.055779,0.050847,0.051597,0.076949,0.077102,0.059013,0.1972,0.001,-0.001,-0.0154
S2B_35SPV_20190525_0_L2A,2019-05-25 09:00:35.404000+00:00,2019-05,Rhodes,MGRS-35SPV,0.0,0.055554,0.037764,0.033107,0.032852,0.032194,0.030737,-0.0039,-0.0101,0.0101,-0.1503
S2A_35SPV_20190430_0_L2A,2019-04-30 09:00:30.493000+00:00,2019-04,Rhodes,MGRS-35SPV,0.03,0.031932,0.018248,0.013377,0.013583,0.013249,0.011549,0.0076,-0.0124,0.0124,-0.2618
S2A_35SNA_20180925_1_L2A,2018-09-25 09:10:06.781000+00:00,2018-09,Rhodes,MGRS-35SNA,0.27,0.026523,0.027589,0.030945,0.061806,0.068875,0.050535,0.3327,0.0541,-0.0541,0.0611
S2B_35SPV_20180828_0_L2A,2018-08-28 08:50:30.865000+00:00,2018-08,Rhodes,MGRS-35SPV,0.64,0.037288,0.017534,0.009817,0.006604,0.005117,0.004201,-0.1957,-0.1268,0.1268,-0.4923
S2B_35SPV_20180729_0_L2A,2018-07-29 08:52:35.922000+00:00,2018-07,Rhodes,MGRS-35SPV,0.0,0.05035,0.031342,0.024828,0.022593,0.02228,0.021402,-0.0471,-0.007,0.007,-0.2152
S2A_35SPV_20180624_1_L2A,2018-06-24 09:00:26.907000+00:00,2018-06,Rhodes,MGRS-35SPV,0.01,0.055061,0.03713,0.030133,0.026505,0.023098,0.021371,-0.064,-0.0687,0.0687,-0.2102
S2B_35SPV_20180530_0_L2A,2018-05-30 08:48:30.597000+00:00,2018-05,Rhodes,MGRS-35SPV,1.72,0.064415,0.0454,0.039599,0.037067,0.034558,0.030193,-0.033,-0.035,0.035,-0.1556
S2A_35SPV_20180425_3_L2A,2018-04-25 09:00:30.295000+00:00,2018-04,Rhodes,MGRS-35SPV,0.0,0.044295,0.025053,0.016196,0.011695,0.007011,0.005889,-0.1614,-0.2504,0.2504,-0.4139
S2B_35SPV_20170912_0_L2A,2017-09-12 08:55:08.667000+00:00,2017-09,Rhodes,MGRS-35SPV,0.0,0.045359,0.031863,0.026221,0.023732,0.019646,0.015434,-0.0498,-0.0942,0.0942,-0.202
S2B_35SPV_20170813_0_L2A,2017-08-13 08:53:53.530000+00:00,2017-08,Rhodes,MGRS-35SPV,0.0,0.051105,0.033334,0.02699,0.024936,0.021643,0.019643,-0.0396,-0.0707,0.0707,-0.2198
S2B_35SPV_20170724_0_L2A,2017-07-24 08:53:59.144000+00:00,2017-07,Rhodes,MGRS-35SPV,0.0,0.040341,0.020702,0.013693,0.01208,0.010777,0.010953,-0.0626,-0.057,0.057,-0.3635
S2C_34SGG_20250924_0_L2A,2025-09-24 09:30:11.792000+00:00,2025-09,Attica,MGRS-34SGG,0.0,0.005388,0.007277,0.007558,0.018445,0.018737,0.013277,0.4187,0.0079,-0.0079,0.0491
S2B_34SGH_20250830_0_L2A,2025-08-30 09:29:47.031000+00:00,2025-08,Attica,MGRS-34SGH,0.0,0.065466,0.091232,0.116945,0.222386,0.24025,0.171174,0.3107,0.0386,-0.0386,0.1075
S2B_34SGG_20250728_0_L2A,2025-07-28 09:20:06.824000+00:00,2025-07,Attica,MGRS-34SGG,0.01,0.06791,0.066193,0.070335,0.101602,0.108019,0.085195,0.1819,0.0306,-0.0306,0.0254
S2B_35SKB_20250628_0_L2A,2025-06-28 09:20:07.289000+00:00,2025-06,Attica,MGRS-35SKB,0.43,0.087891,0.08712,0.094587,0.129019,0.146302,0.117125,0.154,0.0628,-0.0628,0.0524
S2A_34SGG_20250526_0_L2A,2025-05-26 09:20:22.754000+00:00,2025-05,Attica,MGRS-34SGG,0.02,0.063274,0.064481,0.066628,0.101981,0.102988,0.079774,0.2097,0.0049,-0.0049,0.013
S2A_34SGG_20250426_0_L2A,2025-04-26 09:20:20.181000+00:00,2025-04,Attica,MGRS-34SGG,5.15,0.068736,0.065866,0.063024,0.096491,0.087908,0.066113,0.2098,-0.0465,0.0465,-0.0452
S2A_35SKB_20240926_0_L2A,2024-09-26 09:20:06.662000+00:00,2024-09,Attica,MGRS-35SKB,0.0,0.046969,0.048257,0.05477,0.085645,0.098382,0.071622,0.2199,0.0692,-0.0692,0.0719
S2B_34SGG_20240825_0_L2A,2024-08-25 09:29:57.813000+00:00,2024-08,Attica,MGRS-34SGG,0.0,0.036456,0.028607,0.025261,0.033928,0.041034,0.03402,0.1464,0.0948,-0.0948,-0.0299
S2A_34SGG_20240728_0_L2A,2024-07-28 09:20:08.457000+00:00,2024-07,Attica,MGRS-34SGG,0.02,0.06147,0.061448,0.065708,0.093927,0.104448,0.078674,0.1768,0.053,-0.053,0.0453
S2A_34SGG_20240628_0_L2A,2024-06-28 09:20:08.647000+00:00,2024-06,Attica,MGRS-34SGG,0.1,0.067915,0.068664,0.073501,0.101708,0.112535,0.085533,0.161,0.0505,-0.0505,0.0462
S2A_35SKB_20240529_0_L2A,2024-05-29 09:20:07.011000+00:00,2024-05,Attica,MGRS-35SKB,0.1,0.062057,0.063987,0.070168,0.107351,0.117271,0.089367,0.2095,0.0442,-0.0442,0.0505
S2A_34SGG_20240429_0_L2A,2024-04-29 09:20:08.509000+00:00,2024-04,Attica,MGRS-34SGG,0.23,0.054709,0.056009,0.058308,0.096454,0.094556,0.070847,0.2465,-0.0099,0.0099,0.0056
S2A_35SKB_20230922_0_L2A,2023-09-22 09:20:06.492000+00:00,2023-09,Attica,MGRS-35SKB,0.0,0.039677,0.052027,0.060324,0.096833,0.107537,0.081084,0.2323,0.0524,-0.0524,0.103
S2B_34SGG_20230828_0_L2A,2023-08-28 09:20:10.350000+00:00,2023-08,Attica,MGRS-34SGG,0.0,0.05634,0.050191,0.050908,0.073304,0.085985,0.067345,0.1803,0.0796,-0.0796,0.0272
S2B_34SGG_20230729_0_L2A,2023-07-29 09:20:11.425000+00:00,2023-07,Attica,MGRS-34SGG,0.01,0.059701,0.055077,0.056859,0.082043,0.095568,0.077137,0.1813,0.0762,-0.0762,0.0363
S2A_34SFG_20230624_0_L2A,2023-06-24 09:20:12.113000+00:00,2023-06,Attica,MGRS-34SFG,0.0,0.029005,0.022367,0.016388,0.031419,0.030103,0.021412,0.3144,-0.0214,0.0214,-0.1303
S2A_35SKC_20230525_0_L2A,2023-05-25 09:19:53.815000+00:00,2023-05,Attica,MGRS-35SKC,4.31,0.118977,0.131635,0.134078,0.23058,0.209737,0.156436,0.2646,-0.0473,0.0473,-0.0083
S2B_35SKB_20230420_0_L2A,2023-04-20 09:20:06.778000+00:00,2023-04,Attica,MGRS-35SKB,2.42,0.085685,0.079964,0.078111,0.117788,0.104268,0.082408,0.2025,-0.0609,0.0609,-0.0547
S2A_34SFG_20220930_0_L2A,2022-09-30 09:30:12.059000+00:00,2022-09,Attica,MGRS-34SFG,0.0,0.017278,0.010455,0.005546,0.013211,0.012943,0.009295,0.4087,-0.0103,0.0103,-0.245
S2A_35SKB_20220828_0_L2A,2022-08-28 09:20:17.338000+00:00,2022-08,Attica,MGRS-35SKB,0.22,0.048976,0.05041,0.054092,0.086382,0.099373,0.074354,0.2299,0.0699,-0.0699,0.0627
S2A_34SFG_20220729_0_L2A,2022-07-29 09:20:18.426000+00:00,2022-07,Attica,MGRS-34SFG,0.0,0.033487,0.027083,0.022088,0.037739,0.03685,0.026834,0.2616,-0.0119,0.0119,-0.0944
S2A_35SKB_20220629_0_L2A,2022-06-29 09:20:17.717000+00:00,2022-06,Attica,MGRS-35SKB,1.77,0.123891,0.121861,0.125427,0.1578,0.1614,0.126914,0.1143,0.0113,-0.0113,0.009
S2A_34SFG_20220530_0_L2A,2022-05-30 09:20:16.678000+00:00,2022-05,Attica,MGRS-34SFG,0.43,0.039886,0.036472,0.031069,0.048223,0.045729,0.034859,0.2163,-0.0265,0.0265,-0.0686
S2B_35SKB_20220425_0_L2A,2022-04-25 09:19:58.630000+00:00,2022-04,Attica,MGRS-35SKB,0.04,0.056898,0.057123,0.057076,0.105358,0.095392,0.072991,0.2972,-0.0496,0.0496,-0.0311
S2B_34SFG_20210927_1_L2A,2021-09-27 09:20:07.668000+00:00,2021-09,Attica,MGRS-34SFG,0.0,0.022734,0.01181,0.008688,0.022984,0.022144,0.01499,0.4514,-0.0186,0.0186,-0.1945
S2A_34SGG_20210826_0_L2A,2021-08-26 09:29:59.006000+00:00,2021-08,Attica,MGRS-34SGG,0.04,0.047507,0.044416,0.040091,0.047269,0.045263,0.035019,0.0822,-0.0217,0.0217,-0.0523
S2B_34SFG_20210729_1_L2A,2021-07-29 09:20:10.716000+00:00,2021-07,Attica,MGRS-34SFG,0.0,0.030783,0.022797,0.019565,0.035739,0.035609,0.025772,0.2925,-0.0018,0.0018,-0.0933
S2B_34SGG_20210629_1_L2A,2021-06-29 09:20:06.839000+00:00,2021-06,Attica,MGRS-34SGG,0.0,0.066281,0.061736,0.06252,0.09254,0.100243,0.07923,0.1936,0.04,-0.04,0.0123
S2A_34SFH_20210528_0_L2A,2021-05-28 09:29:51.373000+00:00,2021-05,Attica,MGRS-34SFH,6.39,0.083599,0.108076,0.126331,0.239501,0.224622,0.160147,0.3094,-0.0321,0.0321,0.0413
S2B_35SKB_20210430_1_L2A,2021-04-30 09:20:00.661000+00:00,2021-04,Attica,MGRS-35SKB,0.04,0.044821,0.046746,0.048734,0.096674,0.096181,0.073738,0.3297,-0.0026,0.0026,0.0119
S2A_34SFG_20200930_1_L2A,2020-09-30 09:30:10.418000+00:00,2020-09,Attica,MGRS-34SFG,0.0,0.023044,0.01777,0.013155,0.022285,0.020775,0.016517,0.2576,-0.0351,0.0351,-0.1438
S2A_34SFG_20200828_1_L2A,2020-08-28 09:20:14.081000+00:00,2020-08,Attica,MGRS-34SFG,0.0,0.021279,0.015443,0.010405,0.028578,0.024527,0.016227,0.4662,-0.0763,0.0763,-0.176
S2A_34SFG_20200729_1_L2A,2020-07-29 09:20:14.637000+00:00,2020-07,Attica,MGRS-34SFG,0.0,0.033558,0.027828,0.022997,0.041303,0.037769,0.02764,0.2847,-0.0447,0.0447,-0.1039
S2A_34SFH_20200629_1_L2A,2020-06-29 09:19:59.325000+00:00,2020-06,Attica,MGRS-34SFH,0.01,0.060619,0.088979,0.106495,0.223692,0.234782,0.168348,0.3549,0.0242,-0.0242,0.0911
S2A_35SKB_20200530_0_L2A,2020-05-30 09:20:10.989000+00:00,2020-05,Attica,MGRS-35SKB,9.71,0.075079,0.075236,0.077268,0.120238,0.115783,0.08879,0.2176,-0.0189,0.0189,-0.0058
S2A_34SGG_20200430_1_L2A,2020-04-30 09:20:08.721000+00:00,2020-04,Attica,MGRS-34SGG,7.86,0.061726,0.061646,0.059957,0.103721,0.089509,0.067166,0.2674,-0.0735,0.0735,-0.0507
S2B_35SKB_20190928_1_L2A,2019-09-28 09:20:05.044000+00:00,2019-09,Attica,MGRS-35SKB,0.28,0.047149,0.045657,0.049003,0.084416,0.090961,0.068434,0.2654,0.0373,-0.0373,0.0309
S2B_34SGG_20190829_1_L2A,2019-08-29 09:20:09.770000+00:00,2019-08,Attica,MGRS-34SGG,0.01,0.052766,0.050095,0.053192,0.089263,0.089059,0.067033,0.2532,-0.0011,0.0011,0.0008
S2B_35SKB_20190730_1_L2A,2019-07-30 09:20:11.084000+00:00,2019-07,Attica,MGRS-35SKB,0.75,0.081359,0.081716,0.086378,0.12259,0.126672,0.098765,0.1733,0.0164,-0.0164,0.0218
S2B_35SKB_20190630_2_L2A,2019-06-30 09:20:13.390000+00:00,2019-06,Attica,MGRS-35SKB,0.07,0.073962,0.074107,0.078643,0.122251,0.12484,0.098408,0.2171,0.0105,-0.0105,0.0182
S2A_34SFH_20190529_1_L2A,2019-05-29 09:29:53.377000+00:00,2019-05,Attica,MGRS-34SFH,1.32,0.074377,0.100163,0.112734,0.241139,0.208334,0.148794,0.3629,-0.073,0.073,0.0087
S2A_34SGG_20190429_1_L2A,2019-04-29 09:30:00.756000+00:00,2019-04,Attica,MGRS-34SGG,0.01,0.059177,0.061399,0.060597,0.074534,0.072405,0.063525,0.1031,-0.0145,0.0145,-0.0027
S2B_34SFG_20180923_1_L2A,2018-09-23 09:20:02.049000+00:00,2018-09,Attica,MGRS-34SFG,0.0,0.025731,0.014313,0.008381,0.025679,0.020952,0.014282,0.5079,-0.1014,0.1014,-0.2734
S2A_34SGG_20180829_3_L2A,2018-08-29 09:19:55.966000+00:00,2018-08,Attica,MGRS-34SGG,0.02,0.059545,0.071875,0.084143,0.139431,0.166712,0.126916,0.2473,0.0891,-0.0891,0.1153
S2A_34SGG_20180730_0_L2A,2018-07-30 09:16:40.253000+00:00,2018-07,Attica,MGRS-34SGG,3.34,0.116536,0.111343,0.107473,0.131038,0.130199,0.107525,0.0988,-0.0032,0.0032,-0.0204
S2A_35SKB_20180630_0_L2A,2018-06-30 09:19:15.387000+00:00,2018-06,Attica,MGRS-35SKB,0.21,0.066919,0.072292,0.078191,0.114456,0.129904,0.1037,0.1882,0.0632,-0.0632,0.0686
S2B_34SGH_20180529_0_L2A,2018-05-29 09:27:45.610000+00:00,2018-05,Attica,MGRS-34SGH,2.66,0.076739,0.095675,0.108595,0.2129,0.229651,0.174223,0.3244,0.0379,-0.0379,0.0774
S2B_35SKB_20180426_0_L2A,2018-04-26 09:09:18.100000+00:00,2018-04,Attica,MGRS-35SKB,0.12,0.050511,0.049894,0.052583,0.1007,0.096473,0.072472,0.3139,-0.0214,0.0214,-0.0072
S2B_35SKB_20170908_0_L2A,2017-09-08 09:19:06.806000+00:00,2017-09,Attica,MGRS-35SKB,0.06,0.045946,0.046463,0.051017,0.082755,0.099242,0.077278,0.2373,0.0906,-0.0906,0.0773
S2B_35SKB_20170829_0_L2A,2017-08-29 09:08:41.637000+00:00,2017-08,Attica,MGRS-35SKB,0.05,0.066607,0.063942,0.06565,0.09396,0.107504,0.084709,0.1774,0.0672,-0.0672,0.0377
S2B_34SFH_20170723_0_L2A,2017-07-23 09:28:53.548000+00:00,2017-07,Attica,MGRS-34SFH,0.06,0.073316,0.095442,0.106789,0.214439,0.218548,0.171248,0.3351,0.0095,-0.0095,0.0613
S2B_34SFG_20170630_0_L2A,2017-06-30 09:18:01.648000+00:00,2017-06,Attica,MGRS-34SFG,0.09,0.045834,0.039081,0.033441,0.049484,0.046709,0.038014,0.1935,-0.0288,0.0288,-0.0864
S2A_35SKB_20170416_0_L2A,2017-04-16 09:08:07.947000+00:00,2017-04,Attica,MGRS-35SKB,1.55,0.05514,0.056834,0.05624,0.10472,0.095495,0.07062,0.3012,-0.0461,0.0461,-0.0261
S2A_34SFH_20250923_0_L2A,2025-09-23 09:20:09.534000+00:00,2025-09,Evia Island,MGRS-34SFH,0.03,0.041713,0.068918,0.089326,0.209816,0.19971,0.132473,0.4028,-0.0247,0.0247,0.0694
S2A_34SFJ_20250728_1_L2A,2025-07-28 09:29:54.646000+00:00,2025-07,Evia Island,MGRS-34SFJ,0.0,0.054129,0.074618,0.080092,0.219153,0.174648,0.109995,0.4647,-0.113,0.113,-0.0351
S2A_34SGJ_20250628_1_L2A,2025-06-28 09:29:49.104000+00:00,2025-06,Evia Island,MGRS-34SGJ,0.5,0.082854,0.089615,0.092776,0.152378,0.13996,0.106016,0.2431,-0.0425,0.0425,-0.0053
S2C_34SFJ_20250527_0_L2A,2025-05-27 09:29:56.097000+00:00,2025-05,Evia Island,MGRS-34SFJ,3.35,0.05056,0.071092,0.062236,0.231157,0.153821,0.095653,0.5758,-0.2009,0.2009,-0.1319
S2A_35SKD_20250419_1_L2A,2025-04-19 09:29:44.408000+00:00,2025-04,Evia Island,MGRS-35SKD,0.3,0.050185,0.047363,0.044526,0.059932,0.05319,0.045154,0.1475,-0.0596,0.0596,-0.0597
S2A_35SKD_20240926_1_L2A,2024-09-26 09:19:42.192000+00:00,2024-09,Evia Island,MGRS-35SKD,0.09,0.006422,0.003333,0.002977,0.012815,0.009004,0.00607,0.623,-0.1747,0.1747,-0.2324
S2B_35SKC_20240825_0_L2A,2024-08-25 09:29:42.564000+00:00,2024-08,Evia Island,MGRS-35SKC,0.0,0.056543,0.074148,0.081606,0.177881,0.169645,0.120127,0.371,-0.0237,0.0237,0.0346
S2A_35SKD_20240728_0_L2A,2024-07-28 09:19:38.700000+00:00,2024-07,Evia Island,MGRS-35SKD,0.06,0.044724,0.032829,0.026684,0.033884,0.028745,0.022486,0.1189,-0.0821,0.0821,-0.1729
S2A_35SKD_20240628_0_L2A,2024-06-28 09:19:38.891000+00:00,2024-06,Evia Island,MGRS-35SKD,1.13,0.069178,0.057445,0.051443,0.057881,0.053394,0.045016,0.0589,-0.0403,0.0403,-0.0958
S2B_34SGJ_20240524_0_L2A,2024-05-24 09:19:36.431000+00:00,2024-05,Evia Island,MGRS-34SGJ,0.27,0.040508,0.033542,0.028123,0.073094,0.05578,0.039985,0.4443,-0.1343,0.1343,-0.1504
S2A_34SGJ_20240429_0_L2A,2024-04-29 09:19:39.307000+00:00,2024-04,Evia Island,MGRS-34SGJ,2.08,0.042818,0.040976,0.036995,0.083086,0.06353,0.046577,0.3838,-0.1334,0.1334,-0.1121
S2A_35SKC_20230922_0_L2A,2023-09-22 09:19:52.027000+00:00,2023-09,Evia Island,MGRS-35SKC,0.01,0.03193,0.058516,0.064765,0.179152,0.160756,0.105914,0.469,-0.0541,0.0541,0.0331
S2B_35SKD_20230828_0_L2A,2023-08-28 09:19:40.596000+00:00,2023-08,Evia Island,MGRS-35SKD,0.0,0.018335,0.006975,0.004658,0.015596,0.015437,0.011733,0.54,-0.0051,0.0051,-0.2561
S2B_34SGJ_20230729_0_L2A,2023-07-29 09:19:42.214000+00:00,2023-07,Evia Island,MGRS-34SGJ,0.03,0.016445,0.015404,0.017511,0.056135,0.050024,0.033644,0.5244,-0.0576,0.0576,-0.036
S2A_35SKD_20230624_0_L2A,2023-06-24 09:19:39.266000+00:00,2023-06,Evia Island,MGRS-35SKD,0.0,0.034413,0.023673,0.01636,0.026191,0.019617,0.014345,0.2311,-0.1435,0.1435,-0.255
S2A_34SFJ_20230428_0_L2A,2023-04-28 09:29:36.433000+00:00,2023-04,Evia Island,MGRS-34SFJ,2.36,0.066299,0.080154,0.071298,0.210292,0.146185,0.098752,0.4936,-0.1798,0.1798,-0.1196
S2B_34SFH_20220925_0_L2A,2022-09-25 09:29:43.230000+00:00,2022-09,Evia Island,MGRS-34SFH,0.0,0.03146,0.032836,0.033698,0.083261,0.086009,0.066431,0.4238,0.0162,-0.0162,0.0213
S2A_35SKD_20220828_0_L2A,2022-08-28 09:19:48.594000+00:00,2022-08,Evia Island,MGRS-35SKD,0.0,0.008771,0.004083,0.00289,0.013621,0.012351,0.008911,0.6499,-0.0489,0.0489,-0.19
S2B_34SGH_20220727_0_L2A,2022-07-27 09:29:51.127000+00:00,2022-07,Evia Island,MGRS-34SGH,0.01,0.067668,0.083039,0.091534,0.193998,0.192159,0.140931,0.3589,-0.0048,0.0048,0.0404
S2A_35SKD_20220629_0_L2A,2022-06-29 09:19:48.972000+00:00,2022-06,Evia Island,MGRS-35SKD,0.3,0.053517,0.04385,0.037976,0.045902,0.040687,0.032939,0.0945,-0.0602,0.0602,-0.1166
S2A_35SKD_20220530_0_L2A,2022-05-30 09:19:43.831000+00:00,2022-05,Evia Island,MGRS-35SKD,0.07,0.031964,0.023048,0.017242,0.02736,0.021867,0.016716,0.2268,-0.1116,0.1116,-0.2054
S2B_35SKD_20220428_0_L2A,2022-04-28 09:29:24.108000+00:00,2022-04,Evia Island,MGRS-35SKD,0.0,0.054813,0.04893,0.046327,0.061508,0.056831,0.049374,0.1408,-0.0395,0.0395,-0.06
S2B_34SFH_20210927_1_L2A,2021-09-27 09:19:52.869000+00:00,2021-09,Evia Island,MGRS-34SFH,0.0,0.041339,0.058729,0.072643,0.174699,0.187014,0.138517,0.4126,0.034,-0.034,0.0917
S2A_34SFH_20210826_0_L2A,2021-08-26 09:29:52.467000+00:00,2021-08,Evia Island,MGRS-34SFH,0.08,0.042903,0.072925,0.089785,0.188598,0.194538,0.134991,0.355,0.0155,-0.0155,0.1024
S2B_34SGJ_20210729_1_L2A,2021-07-29 09:19:38.411000+00:00,2021-07,Evia Island,MGRS-34SGJ,0.0,0.00941,0.016289,0.015783,0.0584,0.052735,0.035541,0.5745,-0.051,0.051,0.0052
S2B_34SGJ_20210629_1_L2A,2021-06-29 09:19:37.626000+00:00,2021-06,Evia Island,MGRS-34SGJ,0.0,0.034668,0.029624,0.026196,0.066991,0.056779,0.039975,0.4378,-0.0825,0.0825,-0.1012
S2A_34SFJ_20210528_0_L2A,2021-05-28 09:29:37.042000+00:00,2021-05,Evia Island,MGRS-34SFJ,0.8,0.052088,0.066979,0.061948,0.198886,0.139198,0.086514,0.525,-0.1765,0.1765,-0.1102
S2B_34SGH_20210430_0_L2A,2021-04-30 09:19:47.212000+00:00,2021-04,Evia Island,MGRS-34SGH,4.38,0.048157,0.064335,0.059813,0.198045,0.155636,0.106024,0.5361,-0.1199,0.1199,-0.0666
S2A_35SKC_20200930_1_L2A,2020-09-30 09:29:47.488000+00:00,2020-09,Evia Island,MGRS-35SKC,0.06,0.037979,0.05401,0.05287,0.153152,0.123414,0.084283,0.4868,-0.1075,0.1075,-0.0404
S2A_34SFJ_20200828_1_L2A,2020-08-28 09:19:44.486000+00:00,2020-08,Evia Island,MGRS-34SFJ,0.0,0.026615,0.046463,0.043081,0.189047,0.133329,0.077896,0.6288,-0.1728,0.1728,-0.1001
S2A_34SGJ_20200729_1_L2A,2020-07-29 09:19:42.324000+00:00,2020-07,Evia Island,MGRS-34SGJ,0.01,0.025497,0.024327,0.02236,0.063471,0.052591,0.035266,0.479,-0.0937,0.0937,-0.0855
S2A_34SGJ_20200629_1_L2A,2020-06-29 09:19:41.804000+00:00,2020-06,Evia Island,MGRS-34SGJ,0.0,0.034877,0.031436,0.026677,0.067511,0.05484,0.037317,0.4335,-0.1036,0.1036,-0.1135
S2A_35SKD_20200530_0_L2A,2020-05-30 09:19:42.243000+00:00,2020-05,Evia Island,MGRS-35SKD,1.21,0.036876,0.026319,0.020243,0.029214,0.023847,0.018804,0.1814,-0.1011,0.1011,-0.1997
S2A_34SFH_20200430_1_L2A,2020-04-30 09:20:01.897000+00:00,2020-04,Evia Island,MGRS-34SFH,10.93,0.051652,0.069304,0.064318,0.204329,0.167187,0.110299,0.5212,-0.1,0.1,-0.0502
S2B_34SFH_20190928_0_L2A,2019-09-28 09:19:47.978000+00:00,2019-09,Evia Island,MGRS-34SFH,0.73,0.036571,0.044848,0.046085,0.125257,0.110242,0.077492,0.4621,-0.0638,0.0638,-0.0173
S2B_34SFH_20190829_1_L2A,2019-08-29 09:19:58.064000+00:00,2019-08,Evia Island,MGRS-34SFH,0.02,0.048695,0.071699,0.085964,0.217212,0.200274,0.139584,0.4329,-0.0406,0.0406,0.0368
S2B_34SGJ_20190730_0_L2A,2019-07-30 09:19:44.690000+00:00,2019-07,Evia Island,MGRS-34SGJ,1.02,0.049966,0.042358,0.03675,0.072471,0.060638,0.045569,0.3271,-0.0889,0.0889,-0.1139
S2B_35SKD_20190630_1_L2A,2019-06-30 09:19:44.637000+00:00,2019-06,Evia Island,MGRS-35SKD,0.04,0.055647,0.042181,0.03638,0.046145,0.039758,0.033579,0.1183,-0.0744,0.0744,-0.1442
S2A_34SFJ_20190529_1_L2A,2019-05-29 09:29:39.036000+00:00,2019-05,Evia Island,MGRS-34SFJ,0.19,0.041271,0.058379,0.049666,0.208174,0.129628,0.077265,0.6148,-0.2325,0.2325,-0.1636
S2A_34SFJ_20190429_1_L2A,2019-04-29 09:29:39.865000+00:00,2019-04,Evia Island,MGRS-34SFJ,0.0,0.026377,0.044562,0.035567,0.180733,0.11268,0.066088,0.6711,-0.2319,0.2319,-0.1656
S2B_34SFH_20180923_1_L2A,2018-09-23 09:19:47.231000+00:00,2018-09,Evia Island,MGRS-34SFH,0.0,0.042475,0.059691,0.069282,0.184704,0.182769,0.134278,0.4544,-0.0053,0.0053,0.0519
S2A_34SGJ_20180829_1_L2A,2018-08-29 09:19:34.914000+00:00,2018-08,Evia Island,MGRS-34SGJ,0.18,0.023206,0.024583,0.020625,0.057381,0.047818,0.032701,0.4712,-0.0909,0.0909,-0.0815
S2A_35SKD_20180730_0_L2A,2018-07-30 09:16:40.253000+00:00,2018-07,Evia Island,MGRS-35SKD,1.92,0.055973,0.045523,0.037903,0.041766,0.038827,0.035231,0.0485,-0.0365,0.0365,-0.1204
S2A_34SFH_20180630_0_L2A,2018-06-30 09:19:15.387000+00:00,2018-06,Evia Island,MGRS-34SFH,0.5,0.050389,0.07342,0.081391,0.196495,0.206511,0.153636,0.4142,0.0249,-0.0249,0.0767
S2B_34SGJ_20180529_0_L2A,2018-05-29 09:27:45.610000+00:00,2018-05,Evia Island,MGRS-34SGJ,1.45,0.101369,0.102509,0.100687,0.148917,0.134464,0.110537,0.1932,-0.051,0.051,-0.0312
S2B_35SKD_20180426_0_L2A,2018-04-26 09:09:18.100000+00:00,2018-04,Evia Island,MGRS-35SKD,0.03,0.031415,0.017631,0.011665,0.020762,0.01424,0.010125,0.2806,-0.1863,0.1863,-0.3365
S2B_35SKD_20170908_0_L2A,2017-09-08 09:19:06.806000+00:00,2017-09,Evia Island,MGRS-35SKD,0.06,0.022383,0.009068,0.003143,0.012139,0.008748,0.006056,0.5887,-0.1623,0.1623,-0.4876
S2B_35SKD_20170819_0_L2A,2017-08-19 09:19:10.807000+00:00,2017-08,Evia Island,MGRS-35SKD,0.02,0.041998,0.027491,0.020194,0.028231,0.019781,0.015597,0.166,-0.176,0.176,-0.2745
S2B_34SGJ_20170730_0_L2A,2017-07-30 09:18:59.367000+00:00,2017-07,Evia Island,MGRS-34SGJ,0.03,0.032189,0.024007,0.017046,0.056679,0.041546,0.027772,0.5376,-0.1541,0.1541,-0.2053
S2B_34SGJ_20170630_0_L2A,2017-06-30 09:18:01.648000+00:00,2017-06,Evia Island,MGRS-34SGJ,0.03,0.036932,0.033869,0.02951,0.070333,0.055938,0.040899,0.4089,-0.114,0.114,-0.1132
S2A_34SFJ_20170409_0_L2A,2017-04-09 09:28:58.763000+00:00,2017-04,Evia Island,MGRS-34SFJ,7.68,0.111078,0.117816,0.111631,0.206126,0.154772,0.11359,0.2974,-0.1423,0.1423,-0.087
S2C_35SMV_20250928_0_L2A,2025-09-28 09:10:45.244000+00:00,2025-09,Dodecanese,MGRS-35SMV,1.18,0.03332,0.020266,0.016308,0.014799,0.017832,0.016016,-0.0485,0.0929,-0.0929,-0.1699
S2C_35SNA_20250829_0_L2A,2025-08-29 09:10:30.191000+00:00,2025-08,Dodecanese,MGRS-35SNA,0.01,0.0359,0.033181,0.036078,0.053916,0.060294,0.047219,0.1982,0.0558,-0.0558,0.0352
S2A_35SNB_20250729_0_L2A,2025-07-29 09:00:18.974000+00:00,2025-07,Dodecanese,MGRS-35SNB,0.06,0.026599,0.029281,0.032603,0.072333,0.069592,0.048494,0.3786,-0.0193,0.0193,0.0162
S2A_35SNB_20250629_0_L2A,2025-06-29 09:00:17.545000+00:00,2025-06,Dodecanese,MGRS-35SNB,0.01,0.058706,0.055994,0.052138,0.086157,0.077912,0.056972,0.246,-0.0503,0.0503,-0.0539
S2C_35SNV_20250528_0_L2A,2025-05-28 09:00:50.015000+00:00,2025-05,Dodecanese,MGRS-35SNV,0.4,0.05754,0.045057,0.041305,0.049984,0.04829,0.039639,0.0951,-0.0172,0.0172,-0.091
S2B_35SMA_20250426_0_L2A,2025-04-26 09:10:16.359000+00:00,2025-04,Dodecanese,MGRS-35SMA,2.49,0.054244,0.038455,0.033108,0.038054,0.036352,0.031378,0.0695,-0.0229,0.0229,-0.1412
S2B_35SNV_20240928_0_L2A,2024-09-28 09:10:26.136000+00:00,2024-09,Dodecanese,MGRS-35SNV,0.0,0.040087,0.025871,0.021707,0.026021,0.02658,0.022099,0.0904,0.0106,-0.0106,-0.1558
S2B_35SNA_20240829_0_L2A,2024-08-29 09:10:13.508000+00:00,2024-08,Dodecanese,MGRS-35SNA,0.01,0.051274,0.042472,0.042718,0.0577,0.063327,0.053291,0.1492,0.0465,-0.0465,-0.0136
S2B_35SNB_20240730_0_L2A,2024-07-30 09:09:58.236000+00:00,2024-07,Dodecanese,MGRS-35SNB,0.01,0.073774,0.072215,0.076494,0.108186,0.108424,0.088822,0.1716,0.0011,-0.0011,0.0081
S2B_35SNB_20240627_0_L2A,2024-06-27 09:00:04.465000+00:00,2024-06,Dodecanese,MGRS-35SNB,0.01,0.04223,0.043311,0.04703,0.089701,0.087062,0.066455,0.3121,-0.0149,0.0149,0.0081
S2A_35SMV_20240523_0_L2A,2024-05-23 09:00:33.263000+00:00,2024-05,Dodecanese,MGRS-35SMV,0.13,0.055897,0.040632,0.034113,0.031564,0.02677,0.023239,-0.0388,-0.0822,0.0822,-0.1792
S2A_35SMA_20240426_0_L2A,2024-04-26 09:10:17.604000+00:00,2024-04,Dodecanese,MGRS-35SMA,0.13,0.059534,0.048869,0.045998,0.051852,0.048416,0.041938,0.0598,-0.0343,0.0343,-0.0825
S2B_35SMV_20230924_0_L2A,2023-09-24 09:10:33.176000+00:00,2023-09,Dodecanese,MGRS-35SMV,0.0,0.038846,0.024341,0.019888,0.01809,0.016322,0.014966,-0.0473,-0.0514,0.0514,-0.2225
S2A_35SNA_20230830_0_L2A,2023-08-30 09:10:16.621000+00:00,2023-08,Dodecanese,MGRS-35SNA,0.12,0.040809,0.037109,0.039356,0.054319,0.059409,0.047616,0.1597,0.0448,-0.0448,0.0188
S2B_35SMV_20230726_0_L2A,2023-07-26 09:10:35.623000+00:00,2023-07,Dodecanese,MGRS-35SMV,0.0,0.084006,0.071472,0.069428,0.068336,0.064877,0.060697,-0.0079,-0.026,0.026,-0.0629
S2B_35SMB_20230626_0_L2A,2023-06-26 09:10:05.460000+00:00,2023-06,Dodecanese,MGRS-35SMB,0.02,0.085835,0.086228,0.092604,0.114486,0.13,0.111015,0.1057,0.0635,-0.0635,0.0527
S2B_35SMV_20230524_0_L2A,2023-05-24 09:00:39.091000+00:00,2023-05,Dodecanese,MGRS-35SMV,5.64,0.051209,0.03047,0.022338,0.01984,0.020735,0.016976,-0.0592,0.0221,-0.0221,-0.2451
S2A_35SNA_20230429_0_L2A,2023-04-29 09:00:15.747000+00:00,2023-04,Dodecanese,MGRS-35SNA,0.03,0.042509,0.034185,0.029825,0.049868,0.043314,0.034053,0.2515,-0.0703,0.0703,-0.1162
S2B_35SMV_20220926_0_L2A,2022-09-26 09:00:34.710000+00:00,2022-09,Dodecanese,MGRS-35SMV,0.0,0.025883,0.007793,0.001813,0.000625,0.000357,0.000492,-0.4874,-0.2731,0.2731,-0.8487
S2B_35SMA_20220830_0_L2A,2022-08-30 09:10:16.186000+00:00,2022-08,Dodecanese,MGRS-35SMA,0.03,0.053279,0.039305,0.035739,0.037072,0.039057,0.033545,0.0183,0.0261,-0.0261,-0.0942
S2B_35SMV_20220728_0_L2A,2022-07-28 09:00:39.237000+00:00,2022-07,Dodecanese,MGRS-35SMV,0.0,0.045603,0.025606,0.017052,0.013659,0.00912,0.007894,-0.1105,-0.1993,0.1993,-0.3873
S2A_35SMV_20220623_0_L2A,2022-06-23 09:00:46.482000+00:00,2022-06,Dodecanese,MGRS-35SMV,0.0,0.039529,0.025978,0.01981,0.017267,0.014651,0.012424,-0.0686,-0.0819,0.0819,-0.2447
S2A_35SMB_20220527_0_L2A,2022-05-27 09:10:08.340000+00:00,2022-05,Dodecanese,MGRS-35SMB,0.0,0.060225,0.070973,0.082432,0.114022,0.128864,0.104596,0.1608,0.0611,-0.0611,0.0961
S2A_35SMV_20220424_0_L2A,2022-04-24 09:00:39.194000+00:00,2022-04,Dodecanese,MGRS-35SMV,0.01,0.032371,0.019224,0.01309,0.011979,0.009645,0.008234,-0.0443,-0.1079,0.1079,-0.3222
S2A_35SMB_20210929_1_L2A,2021-09-29 09:10:05.026000+00:00,2021-09,Dodecanese,MGRS-35SMB,2.45,0.038345,0.042062,0.050707,0.069372,0.085935,0.066335,0.1554,0.1066,-0.1066,0.1184
S2A_35SMA_20210830_0_L2A,2021-08-30 09:10:16.863000+00:00,2021-08,Dodecanese,MGRS-35SMA,0.04,0.031057,0.020422,0.017583,0.020188,0.023627,0.019168,0.069,0.0785,-0.0785,-0.1085
S2A_35SNV_20210728_1_L2A,2021-07-28 09:00:33.333000+00:00,2021-07,Dodecanese,MGRS-35SNV,0.0,0.047667,0.035344,0.031577,0.037572,0.037983,0.03071,0.0867,0.0055,-0.0055,-0.1013
S2A_35SNV_20210628_1_L2A,2021-06-28 09:00:31.633000+00:00,2021-06,Dodecanese,MGRS-35SNV,0.01,0.05786,0.046169,0.042874,0.049969,0.049085,0.040543,0.0764,-0.0089,0.0089,-0.0794
S2A_35SMV_20210529_1_L2A,2021-05-29 09:00:35.118000+00:00,2021-05,Dodecanese,MGRS-35SMV,0.01,0.045852,0.030951,0.024729,0.023232,0.020698,0.018235,-0.0312,-0.0577,0.0577,-0.2066
S2B_35SNA_20210427_0_L2A,2021-04-27 09:10:06.414000+00:00,2021-04,Dodecanese,MGRS-35SNA,2.5,0.060456,0.056639,0.056057,0.077879,0.070603,0.060582,0.1629,-0.049,0.049,-0.0441
S2B_35SNV_20200926_0_L2A,2020-09-26 09:00:32.700000+00:00,2020-09,Dodecanese,MGRS-35SNV,0.04,0.043304,0.031647,0.027212,0.03105,0.03185,0.025593,0.0659,0.0127,-0.0127,-0.1146
S2B_35SNA_20200830_1_L2A,2020-08-30 09:10:14.475000+00:00,2020-08,Dodecanese,MGRS-35SNA,0.0,0.040521,0.033405,0.035017,0.05221,0.057218,0.047799,0.1971,0.0458,-0.0458,-0.0027
S2A_35SMV_20200726_1_L2A,2020-07-26 09:10:35.265000+00:00,2020-07,Dodecanese,MGRS-35SMV,0.0,0.084364,0.073252,0.071279,0.069821,0.066934,0.060336,-0.0103,-0.0211,0.0211,-0.0546
S2B_35SNA_20200628_1_L2A,2020-06-28 09:00:17.893000+00:00,2020-06,Dodecanese,MGRS-35SNA,0.02,0.043506,0.033857,0.033559,0.053837,0.055849,0.044949,0.232,0.0183,-0.0183,-0.0425
S2B_35SNA_20200529_0_L2A,2020-05-29 09:00:16.785000+00:00,2020-05,Dodecanese,MGRS-35SNA,5.21,0.074722,0.05912,0.054067,0.069123,0.061517,0.050828,0.1222,-0.0582,0.0582,-0.1089
S2A_35SMV_20200427_0_L2A,2020-04-27 09:10:32.029000+00:00,2020-04,Dodecanese,MGRS-35SMV,0.72,0.029865,0.018111,0.014598,0.013811,0.013769,0.0125,-0.0277,-0.0015,0.0015,-0.2125
S2A_35SMA_20190930_1_L2A,2019-09-30 09:10:17.005000+00:00,2019-09,Dodecanese,MGRS-35SMA,0.01,0.028755,0.018006,0.014225,0.017093,0.017834,0.014315,0.0916,0.0212,-0.0212,-0.177
S2A_35SNV_20190828_1_L2A,2019-08-28 09:00:31.426000+00:00,2019-08,Dodecanese,MGRS-35SNV,0.2,0.049286,0.037085,0.031219,0.034674,0.033488,0.026563,0.0524,-0.0174,0.0174,-0.1295
S2A_35SMV_20190729_1_L2A,2019-07-29 09:00:39.019000+00:00,2019-07,Dodecanese,MGRS-35SMV,0.0,0.037963,0.023112,0.015906,0.012907,0.009882,0.008512,-0.1041,-0.1327,0.1327,-0.3272
S2A_35SNA_20190629_1_L2A,2019-06-29 09:00:20.095000+00:00,2019-06,Dodecanese,MGRS-35SNA,0.02,0.028562,0.023319,0.023668,0.04404,0.04658,0.03513,0.3009,0.028,-0.028,-0.0165
S2B_35SMB_20190528_1_L2A,2019-05-28 09:10:09.314000+00:00,2019-05,Dodecanese,MGRS-35SMB,0.01,0.082893,0.087618,0.093881,0.122624,0.12716,0.106853,0.1328,0.0182,-0.0182,0.0364
S2A_35SNV_20190430_0_L2A,2019-04-30 09:00:33.635000+00:00,2019-04,Dodecanese,MGRS-35SNV,0.2,0.026008,0.016672,0.011614,0.024547,0.021043,0.015527,0.3577,-0.0769,0.0769,-0.2151
S2A_35SMV_20180925_1_L2A,2018-09-25 09:10:25.255000+00:00,2018-09,Dodecanese,MGRS-35SMV,7.43,0.037894,0.023349,0.018725,0.016855,0.015831,0.014704,-0.0526,-0.0313,0.0313,-0.2261
S2B_35SNV_20180828_0_L2A,2018-08-28 08:50:30.865000+00:00,2018-08,Dodecanese,MGRS-35SNV,4.17,0.069445,0.050288,0.042653,0.043749,0.044005,0.035498,0.0127,0.0029,-0.0029,-0.1328
S2B_35SNA_20180729_0_L2A,2018-07-29 08:52:35.922000+00:00,2018-07,Dodecanese,MGRS-35SNA,0.17,0.041755,0.027458,0.025121,0.041663,0.049083,0.039286,0.2477,0.0818,-0.0818,-0.0585
S2A_35SMV_20180627_0_L2A,2018-06-27 09:02:26.097000+00:00,2018-06,Dodecanese,MGRS-35SMV,5.75,0.183101,0.167958,0.163755,0.159598,0.145761,0.125419,-0.0129,-0.0453,0.0453,-0.0509
S2A_35SMA_20180528_0_L2A,2018-05-28 08:58:28.692000+00:00,2018-05,Dodecanese,MGRS-35SMA,0.57,0.079267,0.070775,0.070914,0.074528,0.076608,0.066879,0.0248,0.0138,-0.0138,-0.0208
S2A_35SMV_20180428_0_L2A,2018-04-28 09:04:04.513000+00:00,2018-04,Dodecanese,MGRS-35SMV,0.01,0.052988,0.040012,0.037051,0.035809,0.033092,0.029752,-0.017,-0.0394,0.0394,-0.1174
S2B_35SNV_20170912_0_L2A,2017-09-12 08:55:08.667000+00:00,2017-09,Dodecanese,MGRS-35SNV,0.02,0.052142,0.041272,0.037524,0.041301,0.04155,0.034651,0.0479,0.003,-0.003,-0.0833
S2B_35SMA_20170826_0_L2A,2017-08-26 09:06:39.493000+00:00,2017-08,Dodecanese,MGRS-35SMA,0.07,0.050951,0.040776,0.039296,0.043783,0.046783,0.041408,0.054,0.0331,-0.0331,-0.0479
S2B_35SNV_20170724_0_L2A,2017-07-24 08:53:59.144000+00:00,2017-07,Dodecanese,MGRS-35SNV,0.03,0.048726,0.034754,0.031385,0.038681,0.040812,0.035161,0.1041,0.0268,-0.0268,-0.0953
S2A_35SMB_20170622_0_L2A,2017-06-22 09:01:54.868000+00:00,2017-06,Dodecanese,MGRS-35SMB,0.07,0.085611,0.090416,0.097625,0.118493,0.133318,0.110938,0.0966,0.0589,-0.0589,0.0617
S2A_35SNB_20170410_0_L2A,2017-04-10 08:54:22.543000+00:00,2017-04,Dodecanese,MGRS-35SNB,0.65,0.027808,0.025458,0.019948,0.060892,0.044916,0.031301,0.5065,-0.151,0.151,-0.1552
S2B_35SLU_20250926_0_L2A,2025-09-26 09:20:40.563000+00:00,2025-09,Crete East,MGRS-35SLU,0.0,0.069902,0.084916,0.104683,0.18053,0.198103,0.14833,0.2659,0.0464,-0.0464,0.0946
S2C_35SKU_20250829_0_L2A,2025-08-29 09:11:10.363000+00:00,2025-08,Crete East,MGRS-35SKU,0.0,0.062683,0.067942,0.079484,0.122891,0.142807,0.105357,0.2145,0.075,-0.075,0.09
S2C_35SKV_20250730_0_L2A,2025-07-30 09:10:58.123000+00:00,2025-07,Crete East,MGRS-35SKV,0.03,0.068944,0.073403,0.082171,0.138186,0.144609,0.105335,0.2542,0.0227,-0.0227,0.0453
S2B_35SKU_20250625_1_L2A,2025-06-25 09:10:53.170000+00:00,2025-06,Crete East,MGRS-35SKU,0.01,0.076037,0.077259,0.085019,0.143281,0.151698,0.119569,0.2552,0.0285,-0.0285,0.0382
S2B_35SKU_20250526_0_L2A,2025-05-26 09:10:52.693000+00:00,2025-05,Crete East,MGRS-35SKU,2.48,0.134235,0.132435,0.135961,0.188144,0.171938,0.136375,0.161,-0.045,0.045,-0.023
S2A_35SKU_20250423_0_L2A,2025-04-23 09:11:05.450000+00:00,2025-04,Crete East,MGRS-35SKU,0.38,0.052023,0.060433,0.061481,0.13695,0.120929,0.088996,0.3803,-0.0621,0.0621,-0.0177
S2A_35SLU_20240926_0_L2A,2024-09-26 09:20:42.277000+00:00,2024-09,Crete East,MGRS-35SLU,0.0,0.060866,0.07581,0.090081,0.163522,0.183927,0.137006,0.2896,0.0587,-0.0587,0.0996
S2B_35SLU_20240829_0_L2A,2024-08-29 09:10:50.201000+00:00,2024-08,Crete East,MGRS-35SLU,0.01,0.071092,0.078134,0.091737,0.15524,0.175619,0.133663,0.2571,0.0616,-0.0616,0.0831
S2B_35SLU_20240730_0_L2A,2024-07-30 09:10:49.184000+00:00,2024-07,Crete East,MGRS-35SLU,0.0,0.084062,0.093592,0.109045,0.178924,0.19411,0.149363,0.2427,0.0407,-0.0407,0.071
S2A_35SLU_20240625_0_L2A,2024-06-25 09:10:51.538000+00:00,2024-06,Crete East,MGRS-35SLU,0.0,0.083181,0.096978,0.112188,0.186597,0.199976,0.149488,0.249,0.0346,-0.0346,0.0728
S2A_35SKU_20240516_0_L2A,2024-05-16 09:10:53.938000+00:00,2024-05,Crete East,MGRS-35SKU,0.0,0.05891,0.074722,0.086356,0.147674,0.154627,0.119367,0.262,0.023,-0.023,0.0769
S2A_35SLU_20240429_0_L2A,2024-04-29 09:20:43.090000+00:00,2024-04,Crete East,MGRS-35SLU,0.0,0.089537,0.108591,0.121352,0.223134,0.211406,0.156406,0.2955,-0.027,0.027,0.0311
S2B_35SLU_20230924_0_L2A,2023-09-24 09:10:51.405000+00:00,2023-09,Crete East,MGRS-35SLU,0.0,0.064635,0.070723,0.080775,0.139266,0.15722,0.120354,0.2658,0.0606,-0.0606,0.0772
S2B_35SLU_20230825_0_L2A,2023-08-25 09:10:52.030000+00:00,2023-08,Crete East,MGRS-35SLU,0.0,0.068061,0.0756,0.087757,0.151623,0.173692,0.132745,0.2668,0.0678,-0.0678,0.0868
S2B_35SLU_20230726_0_L2A,2023-07-26 09:10:53.864000+00:00,2023-07,Crete East,MGRS-35SLU,0.0,0.079145,0.086741,0.096494,0.163022,0.178435,0.139806,0.2564,0.0451,-0.0451,0.0634
S2A_35SKU_20230621_0_L2A,2023-06-21 09:10:55.188000+00:00,2023-06,Crete East,MGRS-35SKU,0.03,0.069935,0.074853,0.079286,0.133872,0.146285,0.114941,0.2561,0.0443,-0.0443,0.0507
S2A_35SKU_20230512_0_L2A,2023-05-12 09:10:50.761000+00:00,2023-05,Crete East,MGRS-35SKU,0.06,0.057168,0.062766,0.065435,0.12768,0.127037,0.097282,0.3223,-0.0025,0.0025,0.0202
S2A_35SKU_20230425_0_L2A,2023-04-25 09:20:47.079000+00:00,2023-04,Crete East,MGRS-35SKU,1.3,0.078833,0.083486,0.08568,0.144266,0.133801,0.104422,0.2548,-0.0376,0.0376,-0.0082
S2A_35SKU_20220924_0_L2A,2022-09-24 09:10:58.444000+00:00,2022-09,Crete East,MGRS-35SKU,0.09,0.050286,0.053516,0.061156,0.107462,0.114366,0.084414,0.2746,0.0311,-0.0311,0.0533
S2B_35SLV_20220830_0_L2A,2022-08-30 09:10:34.087000+00:00,2022-08,Crete East,MGRS-35SLV,0.23,0.058818,0.052072,0.052444,0.088047,0.092301,0.072139,0.2534,0.0236,-0.0236,-0.0073
S2A_35SKV_20220729_0_L2A,2022-07-29 09:20:42.853000+00:00,2022-07,Crete East,MGRS-35SKV,0.0,0.090003,0.096079,0.105808,0.15398,0.161583,0.124319,0.1854,0.0241,-0.0241,0.0458
S2A_35SKV_20220626_0_L2A,2022-06-26 09:10:49.258000+00:00,2022-06,Crete East,MGRS-35SKV,0.01,0.063567,0.069111,0.075932,0.134186,0.140189,0.104491,0.2772,0.0219,-0.0219,0.0444
S2A_35SLU_20220527_0_L2A,2022-05-27 09:10:55.437000+00:00,2022-05,Crete East,MGRS-35SLU,0.0,0.068402,0.08349,0.092695,0.180616,0.172652,0.12581,0.3217,-0.0225,0.0225,0.0317
S2A_35SLU_20220430_1_L2A,2022-04-30 09:20:45.717000+00:00,2022-04,Crete East,MGRS-35SLU,0.01,0.087204,0.107206,0.114268,0.220403,0.188068,0.138522,0.3171,-0.0792,0.0792,-0.0086
S2B_35SKU_20210927_1_L2A,2021-09-27 09:20:46.099000+00:00,2021-09,Crete East,MGRS-35SKU,0.0,0.055404,0.055652,0.065277,0.105352,0.119649,0.091155,0.2349,0.0635,-0.0635,0.0699
S2B_35SKU_20210825_0_L2A,2021-08-25 09:10:49.708000+00:00,2021-08,Crete East,MGRS-35SKU,0.01,0.058489,0.062401,0.07413,0.122602,0.139192,0.105502,0.2464,0.0634,-0.0634,0.0817
S2B_35SLV_20210729_1_L2A,2021-07-29 09:20:30.726000+00:00,2021-07,Crete East,MGRS-35SLV,0.01,0.098243,0.097597,0.103758,0.140596,0.143069,0.118351,0.1508,0.0087,-0.0087,0.0164
S2B_35SKU_20210626_1_L2A,2021-06-26 09:10:52.033000+00:00,2021-06,Crete East,MGRS-35SKU,0.0,0.072375,0.078705,0.090353,0.143936,0.159697,0.123715,0.2287,0.0519,-0.0519,0.0723
S2B_35SKU_20210527_0_L2A,2021-05-27 09:10:51.923000+00:00,2021-05,Crete East,MGRS-35SKU,0.02,0.072322,0.077409,0.087146,0.152031,0.154182,0.118618,0.2713,0.007,-0.007,0.0365
S2B_35SLV_20210430_0_L2A,2021-04-30 09:20:24.800000+00:00,2021-04,Crete East,MGRS-35SLV,3.27,0.067338,0.069201,0.069443,0.114407,0.105509,0.085398,0.2446,-0.0405,0.0405,-0.019
S2A_35SLU_20200927_1_L2A,2020-09-27 09:20:45.956000+00:00,2020-09,Crete East,MGRS-35SLU,0.0,0.073501,0.092671,0.107902,0.177175,0.193644,0.143004,0.243,0.0444,-0.0444,0.0921
S2B_35SLU_20200830_1_L2A,2020-08-30 09:10:51.173000+00:00,2020-08,Crete East,MGRS-35SLU,0.0,0.071889,0.078027,0.088599,0.155779,0.16887,0.128575,0.2749,0.0403,-0.0403,0.0614
S2A_35SKU_20200726_1_L2A,2020-07-26 09:10:56.942000+00:00,2020-07,Crete East,MGRS-35SKU,0.0,0.067882,0.072542,0.081556,0.130024,0.147194,0.109768,0.2291,0.0619,-0.0619,0.0723
S2A_35SKU_20200626_0_L2A,2020-06-26 09:10:56.856000+00:00,2020-06,Crete East,MGRS-35SKU,0.79,0.083478,0.090526,0.099687,0.152836,0.162426,0.123809,0.2105,0.0304,-0.0304,0.0518
S2A_35SKU_20200527_0_L2A,2020-05-27 09:10:57.432000+00:00,2020-05,Crete East,MGRS-35SKU,3.79,0.089336,0.094275,0.100676,0.164575,0.158443,0.119594,0.2409,-0.019,0.019,0.0102
S2A_35SLU_20200427_1_L2A,2020-04-27 09:10:50.267000+00:00,2020-04,Crete East,MGRS-35SLU,0.19,0.042175,0.058491,0.060954,0.16929,0.141098,0.09979,0.4705,-0.0908,0.0908,-0.0228
S2A_35SKV_20190930_1_L2A,2019-09-30 09:10:38.219000+00:00,2019-09,Crete East,MGRS-35SKV,0.0,0.035242,0.040219,0.049765,0.10281,0.108166,0.077289,0.3477,0.0254,-0.0254,0.0672
S2B_35SLU_20190829_1_L2A,2019-08-29 09:20:44.536000+00:00,2019-08,Crete East,MGRS-35SLU,0.0,0.084127,0.098796,0.117383,0.200246,0.212618,0.161341,0.2609,0.03,-0.03,0.0743
S2B_35SKV_20190730_1_L2A,2019-07-30 09:20:41.425000+00:00,2019-07,Crete East,MGRS-35SKV,0.04,0.086162,0.090335,0.100046,0.155484,0.15917,0.125973,0.217,0.0117,-0.0117,0.0351
S2B_35SKU_20190630_0_L2A,2019-06-30 09:20:55.913000+00:00,2019-06,Crete East,MGRS-35SKU,0.37,0.090168,0.095921,0.106631,0.162823,0.16538,0.131431,0.2085,0.0078,-0.0078,0.0362
S2B_35SLU_20190518_1_L2A,2019-05-18 09:10:56.568000+00:00,2019-05,Crete East,MGRS-35SLU,3.81,0.072769,0.082287,0.085405,0.184659,0.164464,0.125732,0.3675,-0.0578,0.0578,-0.0149
S2B_35SKV_20190428_1_L2A,2019-04-28 09:10:43.920000+00:00,2019-04,Crete East,MGRS-35SKV,0.06,0.040771,0.050253,0.049997,0.135871,0.103694,0.074547,0.462,-0.1343,0.1343,-0.0695
S2A_35SLU_20180928_3_L2A,2018-09-28 09:20:32.038000+00:00,2018-09,Crete East,MGRS-35SLU,0.31,0.067294,0.091348,0.103811,0.227702,0.219513,0.154144,0.3737,-0.0183,0.0183,0.0458
S2A_35SKU_20180829_0_L2A,2018-08-29 09:19:49.464000+00:00,2018-08,Crete East,MGRS-35SKU,6.07,0.212995,0.201397,0.19649,0.212213,0.182698,0.144156,0.0385,-0.0747,0.0747,-0.0572
S2A_35SKU_20180730_0_L2A,2018-07-30 09:16:40.253000+00:00,2018-07,Crete East,MGRS-35SKU,2.87,0.168727,0.170189,0.175609,0.200466,0.199047,0.162623,0.0661,-0.0036,0.0036,0.0073
S2A_35SLV_20180630_0_L2A,2018-06-30 09:19:15.387000+00:00,2018-06,Crete East,MGRS-35SLV,1.86,0.105258,0.104961,0.108346,0.137667,0.141067,0.115471,0.1192,0.0122,-0.0122,0.0132
S2B_35SLV_20180523_0_L2A,2018-05-23 09:04:20.785000+00:00,2018-05,Crete East,MGRS-35SLV,0.67,0.100817,0.104247,0.10532,0.137493,0.128783,0.104034,0.1325,-0.0327,0.0327,-0.0089
S2A_35SKU_20180428_0_L2A,2018-04-28 09:04:04.513000+00:00,2018-04,Crete East,MGRS-35SKU,0.11,0.054191,0.060496,0.065392,0.130084,0.124979,0.09178,0.3309,-0.02,0.02,0.0163
S2B_35SLV_20170908_0_L2A,2017-09-08 09:19:06.806000+00:00,2017-09,Crete East,MGRS-35SLV,0.01,0.037016,0.033073,0.035125,0.06739,0.072133,0.055383,0.3147,0.034,-0.034,0.0135
S2B_35SLV_20170829_0_L2A,2017-08-29 09:08:41.637000+00:00,2017-08,Crete East,MGRS-35SLV,0.01,0.060841,0.059037,0.063555,0.097036,0.102058,0.083265,0.2085,0.0252,-0.0252,0.0239
S2B_35SLV_20170730_0_L2A,2017-07-30 09:18:59.367000+00:00,2017-07,Crete East,MGRS-35SLV,0.04,0.100716,0.100825,0.106659,0.140254,0.14556,0.125378,0.1361,0.0186,-0.0186,0.0228
S2B_35SKV_20170630_0_L2A,2017-06-30 09:18:01.648000+00:00,2017-06,Crete East,MGRS-35SKV,6.29,0.127018,0.131336,0.135584,0.19253,0.185403,0.157141,0.1736,-0.0189,0.0189,0.0022
S2A_35SKV_20170503_0_L2A,2017-05-03 09:03:32.037000+00:00,2017-05,Crete East,MGRS-35SKV,0.19,0.048385,0.055342,0.053437,0.128541,0.108164,0.077886,0.4127,-0.0861,0.0861,-0.0453
S2A_35SKU_20170423_0_L2A,2017-04-23 09:08:08.474000+00:00,2017-04,Crete East,MGRS-35SKU,4.15,0.077066,0.081724,0.080721,0.14808,0.122816,0.092747,0.2944,-0.0933,0.0933,-0.0504
S2A_34TFK_20250923_0_L2A,2025-09-23 09:19:40.993000+00:00,2025-09,Macedonia,MGRS-34TFK,1.08,0.052849,0.071026,0.084248,0.196282,0.18477,0.118594,0.3994,-0.0302,0.0302,0.0384
S2B_35TKF_20250830_0_L2A,2025-08-30 09:29:04.082000+00:00,2025-08,Macedonia,MGRS-35TKF,0.0,0.06423,0.094425,0.112421,0.288791,0.273356,0.182526,0.4396,-0.0275,0.0275,0.0443
S2B_34TFL_20250728_0_L2A,2025-07-28 09:19:14.956000+00:00,2025-07,Macedonia,MGRS-34TFL,0.14,0.07776,0.109258,0.129208,0.336217,0.306921,0.193757,0.4448,-0.0456,0.0456,0.0261
S2B_34TFK_20250628_0_L2A,2025-06-28 09:19:28.071000+00:00,2025-06,Macedonia,MGRS-34TFK,2.07,0.088334,0.100783,0.107488,0.240859,0.219004,0.147336,0.3829,-0.0475,0.0475,-0.0041
S2C_34TFK_20250527_0_L2A,2025-05-27 09:29:41.560000+00:00,2025-05,Macedonia,MGRS-34TFK,6.86,0.071864,0.087037,0.081677,0.208588,0.155469,0.106275,0.4372,-0.1459,0.1459,-0.0837
S2A_34TFL_20250429_1_L2A,2025-04-29 09:29:21.653000+00:00,2025-04,Macedonia,MGRS-34TFL,0.31,0.046747,0.079738,0.071851,0.315353,0.21224,0.139276,0.6289,-0.1954,0.1954,-0.1207
S2A_34TGK_20240926_0_L2A,2024-09-26 09:19:23.908000+00:00,2024-09,Macedonia,MGRS-34TGK,0.64,0.037614,0.057673,0.064898,0.188971,0.194434,0.129872,0.4887,0.0142,-0.0142,0.0674
S2A_34TFL_20240827_0_L2A,2024-08-27 09:19:12.140000+00:00,2024-08,Macedonia,MGRS-34TFL,0.0,0.059607,0.092607,0.110393,0.277956,0.298308,0.19886,0.4315,0.0353,-0.0353,0.0953
S2A_35TKF_20240728_0_L2A,2024-07-28 09:19:09.947000+00:00,2024-07,Macedonia,MGRS-35TKF,0.47,0.071027,0.106114,0.123326,0.317821,0.317431,0.208309,0.4409,-0.0006,0.0006,0.0626
S2B_34TFK_20240623_0_L2A,2024-06-23 09:19:28.441000+00:00,2024-06,Macedonia,MGRS-34TFK,0.01,0.059616,0.081699,0.098748,0.225338,0.222599,0.149723,0.3906,-0.0061,0.0061,0.06
S2B_34TFK_20240524_0_L2A,2024-05-24 09:19:25.453000+00:00,2024-05,Macedonia,MGRS-34TFK,3.62,0.083707,0.09532,0.094657,0.229259,0.192895,0.137181,0.4155,-0.0861,0.0861,-0.0423
S2B_34TFL_20240414_0_L2A,2024-04-14 09:19:14.449000+00:00,2024-04,Macedonia,MGRS-34TFL,0.25,0.055733,0.086755,0.078609,0.331155,0.239893,0.155732,0.6163,-0.1598,0.1598,-0.0969
S2A_34TFK_20230922_0_L2A,2023-09-22 09:19:27.255000+00:00,2023-09,Macedonia,MGRS-34TFK,0.05,0.041143,0.063796,0.073437,0.180522,0.179149,0.117421,0.4217,-0.0038,0.0038,0.0652
S2B_34TFL_20230828_0_L2A,2023-08-28 09:19:18.211000+00:00,2023-08,Macedonia,MGRS-34TFL,0.02,0.064414,0.092567,0.106696,0.298537,0.287158,0.182938,0.4734,-0.0194,0.0194,0.0408
S2A_34TGK_20230727_0_L2A,2023-07-27 09:29:23.088000+00:00,2023-07,Macedonia,MGRS-34TGK,0.43,0.054583,0.076631,0.086011,0.23232,0.204469,0.130276,0.4596,-0.0638,0.0638,0.0062
S2A_34TFK_20230624_0_L2A,2023-06-24 09:19:28.805000+00:00,2023-06,Macedonia,MGRS-34TFK,0.68,0.058363,0.075558,0.074032,0.213473,0.187326,0.120361,0.485,-0.0652,0.0652,-0.0197
S2B_34TFL_20230520_0_L2A,2023-05-20 09:19:18.525000+00:00,2023-05,Macedonia,MGRS-34TFL,7.24,0.074337,0.102546,0.086749,0.348295,0.231754,0.145702,0.6012,-0.2009,0.2009,-0.1405
S2A_34TFK_20230428_0_L2A,2023-04-28 09:29:21.893000+00:00,2023-04,Macedonia,MGRS-34TFK,1.89,0.062571,0.07795,0.071013,0.198437,0.137756,0.096702,0.4729,-0.1805,0.1805,-0.1112
S2A_34TGL_20220930_0_L2A,2022-09-30 09:29:10.733000+00:00,2022-09,Macedonia,MGRS-34TGL,1.21,0.044634,0.07094,0.076683,0.253606,0.232075,0.151143,0.5357,-0.0443,0.0443,0.0173
S2A_34TFL_20220818_0_L2A,2022-08-18 09:19:26.194000+00:00,2022-08,Macedonia,MGRS-34TFL,0.01,0.056449,0.08497,0.087437,0.295133,0.266046,0.167621,0.5429,-0.0518,0.0518,0.0027
S2A_34TGK_20220729_0_L2A,2022-07-29 09:19:31.583000+00:00,2022-07,Macedonia,MGRS-34TGK,0.01,0.058879,0.078084,0.080388,0.231023,0.217202,0.139768,0.4837,-0.0308,0.0308,0.0131
S2A_34TFL_20220629_0_L2A,2022-06-29 09:19:26.443000+00:00,2022-06,Macedonia,MGRS-34TFL,3.67,0.072062,0.099763,0.093572,0.31649,0.256661,0.158813,0.5436,-0.1044,0.1044,-0.0519
S2B_34TFK_20220525_0_L2A,2022-05-25 09:19:25.763000+00:00,2022-05,Macedonia,MGRS-34TFK,0.0,0.053206,0.070879,0.071651,0.221687,0.17268,0.113451,0.5115,-0.1243,0.1243,-0.0589
S2B_34TFL_20220425_0_L2A,2022-04-25 09:19:07.722000+00:00,2022-04,Macedonia,MGRS-34TFL,0.25,0.052784,0.092414,0.088653,0.324875,0.233883,0.157172,0.5712,-0.1628,0.1628,-0.0787
S2B_34TFK_20210927_1_L2A,2021-09-27 09:19:24.355000+00:00,2021-09,Macedonia,MGRS-34TFK,0.01,0.049141,0.060298,0.064895,0.169746,0.168812,0.119385,0.4469,-0.0028,0.0028,0.0327
S2A_34TFL_20210823_0_L2A,2021-08-23 09:19:15.944000+00:00,2021-08,Macedonia,MGRS-34TFL,0.54,0.064024,0.096692,0.110554,0.296825,0.298305,0.194731,0.4572,0.0025,-0.0025,0.0624
S2B_34TGK_20210729_1_L2A,2021-07-29 09:19:23.880000+00:00,2021-07,Macedonia,MGRS-34TGK,0.0,0.053522,0.080905,0.093947,0.244009,0.237256,0.158879,0.444,-0.014,0.014,0.0536
S2B_34TFK_20210629_0_L2A,2021-06-29 09:19:26.625000+00:00,2021-06,Macedonia,MGRS-34TFK,0.19,0.059625,0.07562,0.078496,0.204186,0.196772,0.136643,0.4446,-0.0185,0.0185,0.0213
S2B_34TFK_20210523_1_L2A,2021-05-23 09:29:21.874000+00:00,2021-05,Macedonia,MGRS-34TFK,0.46,0.0558,0.069966,0.067987,0.191331,0.148665,0.104334,0.4756,-0.1255,0.1255,-0.0657
S2B_34TFK_20210420_0_L2A,2021-04-20 09:19:20.359000+00:00,2021-04,Macedonia,MGRS-34TFK,1.43,0.057504,0.066862,0.065114,0.196287,0.155102,0.106604,0.5018,-0.1172,0.1172,-0.0708
S2A_34TFK_20200927_0_L2A,2020-09-27 09:19:31.054000+00:00,2020-09,Macedonia,MGRS-34TFK,0.09,0.038547,0.055236,0.062561,0.171813,0.159716,0.102428,0.4661,-0.0365,0.0365,0.0275
S2A_34TFL_20200828_1_L2A,2020-08-28 09:19:18.863000+00:00,2020-08,Macedonia,MGRS-34TFL,0.06,0.054161,0.081871,0.086255,0.280089,0.265625,0.171427,0.5291,-0.0265,0.0265,0.0257
S2A_34TFL_20200729_0_L2A,2020-07-29 09:19:19.511000+00:00,2020-07,Macedonia,MGRS-34TFL,0.35,0.061855,0.092181,0.093181,0.315687,0.275517,0.170958,0.5442,-0.0679,0.0679,-0.0118
S2A_34TFL_20200629_0_L2A,2020-06-29 09:19:19.005000+00:00,2020-06,Macedonia,MGRS-34TFL,0.61,0.061313,0.091587,0.087394,0.322009,0.265207,0.165115,0.5731,-0.0967,0.0967,-0.0417
S2A_34TFK_20200530_0_L2A,2020-05-30 09:19:31.733000+00:00,2020-05,Macedonia,MGRS-34TFK,4.33,0.099135,0.11088,0.108774,0.23977,0.189272,0.131842,0.3758,-0.1177,0.1177,-0.0641
S2B_34TGK_20200428_1_L2A,2020-04-28 09:29:13.522000+00:00,2020-04,Macedonia,MGRS-34TGK,2.35,0.046651,0.064311,0.056392,0.228036,0.156659,0.101174,0.6035,-0.1855,0.1855,-0.1264
S2B_34TGK_20190928_0_L2A,2019-09-28 09:19:22.303000+00:00,2019-09,Macedonia,MGRS-34TGK,4.14,0.125895,0.132643,0.1339,0.22778,0.218633,0.164719,0.2596,-0.0205,0.0205,-0.0016
S2B_34TFL_20190829_1_L2A,2019-08-29 09:19:17.778000+00:00,2019-08,Macedonia,MGRS-34TFL,0.0,0.066363,0.096164,0.112828,0.302012,0.298965,0.200231,0.456,-0.0051,0.0051,0.0557
S2A_34TFL_20190728_1_L2A,2019-07-28 09:29:12.193000+00:00,2019-07,Macedonia,MGRS-34TFL,0.15,0.058609,0.086946,0.089871,0.293996,0.261595,0.168424,0.5318,-0.0583,0.0583,-0.0016
S2B_34TGK_20190630_0_L2A,2019-06-30 09:19:30.644000+00:00,2019-06,Macedonia,MGRS-34TGK,0.7,0.093664,0.111696,0.117726,0.270771,0.251922,0.178041,0.3939,-0.0361,0.0361,0.0071
S2A_34TFK_20190529_0_L2A,2019-05-29 09:29:24.499000+00:00,2019-05,Macedonia,MGRS-34TFK,4.3,0.081835,0.095096,0.093291,0.2017,0.162108,0.115972,0.3675,-0.1088,0.1088,-0.0522
S2A_34TGK_20190426_0_L2A,2019-04-26 09:19:25.522482+00:00,2019-04,Macedonia,MGRS-34TGK,3.52,0.039023,0.068221,0.065192,0.241177,0.18242,0.116413,0.5744,-0.1387,0.1387,-0.0617
S2B_35TKF_20180926_0_L2A,2018-09-26 09:20:22.459000+00:00,2018-09,Macedonia,MGRS-35TKF,2.3,0.130495,0.14819,0.16372,0.321248,0.30831,0.228809,0.3248,-0.0206,0.0206,0.022
S2A_34TGK_20180829_0_L2A,2018-08-29 09:17:03.507000+00:00,2018-08,Macedonia,MGRS-34TGK,0.25,0.048341,0.070208,0.075601,0.21512,0.205905,0.132635,0.4799,-0.0219,0.0219,0.0331
S2B_34TGK_20180725_0_L2A,2018-07-25 09:16:48.784000+00:00,2018-07,Macedonia,MGRS-34TGK,6.71,0.132614,0.146494,0.142966,0.277105,0.240793,0.172935,0.3193,-0.0701,0.0701,-0.0327
S2A_34TFK_20180630_0_L2A,2018-06-30 09:06:52.186000+00:00,2018-06,Macedonia,MGRS-34TFK,3.21,0.065683,0.098707,0.104876,0.281057,0.272122,0.184678,0.4565,-0.0162,0.0162,0.0418
S2B_34TFL_20180526_1_L2A,2018-05-26 09:19:11.116000+00:00,2018-05,Macedonia,MGRS-34TFL,0.48,0.053672,0.083377,0.078985,0.304933,0.246913,0.160497,0.5885,-0.1051,0.1051,-0.0478
S2B_34TFK_20180426_0_L2A,2018-04-26 09:09:18.100000+00:00,2018-04,Macedonia,MGRS-34TFK,0.1,0.039993,0.059744,0.057919,0.212926,0.156263,0.101475,0.5723,-0.1535,0.1535,-0.0829
S2B_34TGK_20170908_0_L2A,2017-09-08 09:19:06.806000+00:00,2017-09,Macedonia,MGRS-34TGK,0.04,0.052328,0.06146,0.06244,0.156315,0.150701,0.106895,0.4291,-0.0183,0.0183,0.0107
S2B_34TGK_20170819_1_L2A,2017-08-19 09:19:10.807000+00:00,2017-08,Macedonia,MGRS-34TGK,0.13,0.065379,0.075542,0.078043,0.184853,0.172622,0.121571,0.4063,-0.0342,0.0342,0.0009
S2B_34TFL_20170730_0_L2A,2017-07-30 09:18:59.367000+00:00,2017-07,Macedonia,MGRS-34TFL,0.1,0.059942,0.088999,0.090071,0.307932,0.277081,0.189321,0.5474,-0.0527,0.0527,-0.001
S2B_34TGK_20170630_0_L2A,2017-06-30 09:18:01.648000+00:00,2017-06,Macedonia,MGRS-34TGK,0.03,0.058156,0.082167,0.090591,0.235031,0.227714,0.159505,0.4436,-0.0158,0.0158,0.0411
S2A_34TFK_20170416_0_L2A,2017-04-16 09:08:07.947000+00:00,2017-04,Macedonia,MGRS-34TFK,1.64,0.063161,0.078379,0.074784,0.211697,0.164802,0.109316,0.4779,-0.1246,0.1246,-0.0686
S2B_34SEF_20250929_0_L2A,2025-09-29 09:30:23.554000+00:00,2025-09,Arcadia,MGRS-34SEF,1.68,0.094334,0.104058,0.104995,0.222683,0.174217,0.121908,0.3592,-0.1221,0.1221,-0.0634
S2B_34SEF_20250830_0_L2A,2025-08-30 09:30:24.062000+00:00,2025-08,Arcadia,MGRS-34SEF,0.0,0.054577,0.076301,0.089196,0.236065,0.202476,0.133977,0.4515,-0.0766,0.0766,0.0018
S2C_34SEF_20250726_0_L2A,2025-07-26 09:30:45.560000+00:00,2025-07,Arcadia,MGRS-34SEF,0.0,0.051306,0.081101,0.095892,0.252166,0.223374,0.142144,0.449,-0.0605,0.0605,0.0254
S2C_34SEF_20250626_0_L2A,2025-06-26 09:30:43.629000+00:00,2025-06,Arcadia,MGRS-34SEF,0.07,0.063141,0.087057,0.097028,0.254073,0.221465,0.145641,0.4473,-0.0686,0.0686,0.002
S2A_34SFH_20250526_0_L2A,2025-05-26 09:20:11.089000+00:00,2025-05,Arcadia,MGRS-34SFH,0.11,0.069131,0.108448,0.113476,0.336329,0.27689,0.190237,0.4954,-0.0969,0.0969,-0.019
S2A_34SEG_20250419_0_L2A,2025-04-19 09:30:12.491000+00:00,2025-04,Arcadia,MGRS-34SEG,3.55,0.03826,0.067035,0.064073,0.269309,0.200154,0.126971,0.6156,-0.1473,0.1473,-0.0758
S2A_34SFF_20240929_0_L2A,2024-09-29 09:30:21.420000+00:00,2024-09,Arcadia,MGRS-34SFF,0.74,0.045215,0.068966,0.078444,0.220445,0.205788,0.138956,0.4751,-0.0344,0.0344,0.0338
S2B_34SEF_20240825_0_L2A,2024-08-25 09:30:23.813000+00:00,2024-08,Arcadia,MGRS-34SEF,0.79,0.13687,0.148071,0.155691,0.275005,0.253184,0.187925,0.277,-0.0413,0.0413,-0.0037
S2A_34SFF_20240728_0_L2A,2024-07-28 09:20:26.197000+00:00,2024-07,Arcadia,MGRS-34SFF,0.01,0.062783,0.103256,0.125354,0.322952,0.306869,0.20536,0.4408,-0.0255,0.0255,0.0568
S2B_34SFF_20240623_0_L2A,2024-06-23 09:20:26.407000+00:00,2024-06,Arcadia,MGRS-34SFF,0.0,0.070413,0.109226,0.128397,0.334777,0.310449,0.216959,0.4456,-0.0377,0.0377,0.0399
S2A_34SEF_20240522_0_L2A,2024-05-22 09:30:22.743000+00:00,2024-05,Arcadia,MGRS-34SEF,0.11,0.05614,0.081068,0.085298,0.253016,0.194283,0.132638,0.4957,-0.1313,0.1313,-0.0502
S2A_34SFF_20240429_0_L2A,2024-04-29 09:20:26.244000+00:00,2024-04,Arcadia,MGRS-34SFF,0.01,0.05078,0.091601,0.100705,0.327265,0.260402,0.170983,0.5294,-0.1138,0.1138,-0.0229
S2A_34SFF_20230922_0_L2A,2023-09-22 09:20:25.226000+00:00,2023-09,Arcadia,MGRS-34SFF,0.0,0.057333,0.089478,0.099574,0.268089,0.240442,0.161647,0.4583,-0.0544,0.0544,0.0219
S2B_34SEF_20230821_0_L2A,2023-08-21 09:30:27.957000+00:00,2023-08,Arcadia,MGRS-34SEF,0.0,0.054171,0.071334,0.079275,0.227168,0.199304,0.133476,0.4826,-0.0653,0.0653,-0.0049
S2A_34SFF_20230724_0_L2A,2023-07-24 09:20:28.250000+00:00,2023-07,Arcadia,MGRS-34SFF,0.0,0.063549,0.098786,0.109474,0.307904,0.282673,0.192683,0.4754,-0.0427,0.0427,0.0271
S2A_34SFF_20230624_0_L2A,2023-06-24 09:20:26.760000+00:00,2023-06,Arcadia,MGRS-34SFF,0.0,0.061143,0.094086,0.097065,0.307656,0.273942,0.188812,0.5203,-0.058,0.058,0.003
S2B_34SEF_20230523_0_L2A,2023-05-23 09:30:28.081000+00:00,2023-05,Arcadia,MGRS-34SEF,3.77,0.376463,0.354761,0.320104,0.441579,0.2885,0.222525,0.1595,-0.2097,0.2097,-0.1468
S2B_34SEF_20230423_0_L2A,2023-04-23 09:30:25.215000+00:00,2023-04,Arcadia,MGRS-34SEF,4.56,0.150558,0.157525,0.148659,0.295673,0.205472,0.152112,0.3309,-0.18,0.18,-0.1151
S2A_34SEF_20220930_0_L2A,2022-09-30 09:30:30.443000+00:00,2022-09,Arcadia,MGRS-34SEF,0.0,0.03329,0.051726,0.055835,0.187233,0.161056,0.108058,0.5406,-0.0752,0.0752,-0.0083
S2A_34SFH_20220828_0_L2A,2022-08-28 09:20:06.684000+00:00,2022-08,Arcadia,MGRS-34SFH,1.06,0.073792,0.108933,0.122785,0.292879,0.28224,0.195793,0.4092,-0.0185,0.0185,0.0497
S2B_34SEF_20220627_0_L2A,2022-06-27 09:30:28.227000+00:00,2022-06,Arcadia,MGRS-34SEF,3.35,0.073546,0.088853,0.093098,0.23112,0.210201,0.152439,0.4257,-0.0474,0.0474,-0.0022
S2B_34SFF_20220525_0_L2A,2022-05-25 09:20:23.735000+00:00,2022-05,Arcadia,MGRS-34SFF,0.02,0.067029,0.101204,0.110084,0.322233,0.276664,0.192574,0.4907,-0.0761,0.0761,-0.0032
S2B_34SFG_20220425_0_L2A,2022-04-25 09:20:02.720000+00:00,2022-04,Arcadia,MGRS-34SFG,2.02,0.079576,0.110016,0.111524,0.292387,0.22135,0.153955,0.4478,-0.1383,0.1383,-0.0555
S2A_34SFF_20210826_0_L2A,2021-08-26 09:30:21.163000+00:00,2021-08,Arcadia,MGRS-34SFF,0.02,0.044249,0.077693,0.09307,0.246314,0.233114,0.156317,0.4515,-0.0275,0.0275,0.0578
S2B_34SFF_20210629_1_L2A,2021-06-29 09:20:24.578000+00:00,2021-06,Arcadia,MGRS-34SFF,0.0,0.068957,0.104609,0.118956,0.3185,0.301898,0.21782,0.4561,-0.0268,0.0268,0.0413
S2A_34SFF_20210525_1_L2A,2021-05-25 09:20:24.242000+00:00,2021-05,Arcadia,MGRS-34SFF,0.0,0.063046,0.107166,0.122582,0.329542,0.296146,0.199732,0.4578,-0.0534,0.0534,0.0322
S2B_34SFH_20210430_0_L2A,2021-04-30 09:19:49.944000+00:00,2021-04,Arcadia,MGRS-34SFH,5.38,0.07006,0.104588,0.114944,0.292673,0.278221,0.20641,0.436,-0.0253,0.0253,0.0403
S2B_34SFF_20200525_0_L2A,2020-05-25 09:20:24.423000+00:00,2020-05,Arcadia,MGRS-34SFF,1.8,0.107258,0.135357,0.144636,0.334391,0.30718,0.221348,0.3961,-0.0424,0.0424,0.0114
S2B_34SEF_20200428_0_L2A,2020-04-28 09:30:18.719000+00:00,2020-04,Arcadia,MGRS-34SEF,0.77,0.055399,0.072617,0.069011,0.243512,0.170616,0.114286,0.5584,-0.176,0.176,-0.1101
S2A_34SFF_20190926_1_L2A,2019-09-26 09:30:20.267000+00:00,2019-09,Arcadia,MGRS-34SFF,2.5,0.040612,0.066268,0.074924,0.232381,0.203052,0.135933,0.5124,-0.0674,0.0674,0.009
S2A_34SEF_20190728_1_L2A,2019-07-28 09:30:27.977000+00:00,2019-07,Arcadia,MGRS-34SEF,0.0,0.054682,0.079102,0.087842,0.24292,0.21075,0.139299,0.4688,-0.0709,0.0709,0.0017
S2B_34SFF_20190630_0_L2A,2019-06-30 09:20:32.125000+00:00,2019-06,Arcadia,MGRS-34SFF,0.82,0.087783,0.119025,0.128347,0.336384,0.303673,0.217395,0.4476,-0.0511,0.0511,0.0092
S2A_34SEF_20190429_1_L2A,2019-04-29 09:30:26.777000+00:00,2019-04,Arcadia,MGRS-34SEF,0.01,0.047793,0.070891,0.063752,0.249607,0.16137,0.103246,0.5931,-0.2147,0.2147,-0.1383
S2A_34SFF_20180829_0_L2A,2018-08-29 09:19:49.464000+00:00,2018-08,Arcadia,MGRS-34SFF,0.58,0.06666,0.096688,0.107823,0.275833,0.274443,0.191425,0.4379,-0.0025,0.0025,0.0549
S2B_34SFF_20180728_0_L2A,2018-07-28 09:26:58.706000+00:00,2018-07,Arcadia,MGRS-34SFF,3.78,0.082458,0.101715,0.105933,0.256446,0.237564,0.174369,0.4153,-0.0382,0.0382,0.0067
S2A_34SFF_20180630_0_L2A,2018-06-30 09:19:15.387000+00:00,2018-06,Arcadia,MGRS-34SFF,0.46,0.065522,0.100032,0.1072,0.297676,0.285187,0.204925,0.4705,-0.0214,0.0214,0.0386
S2B_34SEF_20180529_0_L2A,2018-05-29 09:27:45.610000+00:00,2018-05,Arcadia,MGRS-34SEF,0.45,0.129265,0.141367,0.139599,0.279289,0.223369,0.163775,0.3335,-0.1112,0.1112,-0.0591
S2B_34SFF_20180426_0_L2A,2018-04-26 09:09:18.100000+00:00,2018-04,Arcadia,MGRS-34SFF,0.05,0.056689,0.08925,0.095385,0.306319,0.249752,0.174143,0.5251,-0.1017,0.1017,-0.0252
S2B_34SFF_20170908_0_L2A,2017-09-08 09:19:06.806000+00:00,2017-09,Arcadia,MGRS-34SFF,0.03,0.061549,0.090667,0.105149,0.273894,0.265663,0.188716,0.4452,-0.0153,0.0153,0.0501
S2B_34SFF_20170819_0_L2A,2017-08-19 09:19:10.807000+00:00,2017-08,Arcadia,MGRS-34SFF,0.03,0.068936,0.098984,0.116079,0.294529,0.285326,0.202315,0.4346,-0.0159,0.0159,0.0496
S2B_34SEF_20170723_0_L2A,2017-07-23 09:28:53.548000+00:00,2017-07,Arcadia,MGRS-34SEF,0.01,0.060402,0.080721,0.084625,0.239617,0.202959,0.14298,0.478,-0.0828,0.0828,-0.0212
S2B_34SFF_20170630_0_L2A,2017-06-30 09:18:01.648000+00:00,2017-06,Arcadia,MGRS-34SFF,0.03,0.07118,0.10508,0.116997,0.309422,0.291043,0.212807,0.4513,-0.0306,0.0306,0.0348
S2A_34SFH_20170419_0_L2A,2017-04-19 09:26:19.418000+00:00,2017-04,Arcadia,MGRS-34SFH,27.03,0.136659,0.155169,0.155903,0.301986,0.241157,0.178133,0.319,-0.112,0.112,-0.0498
S2A_35SMD_20250923_1_L2A,2025-09-23 09:19:43.272000+00:00,2025-09,Lesvos,MGRS-35SMD,0.0,0.023551,0.035204,0.045528,0.10693,0.102012,0.065061,0.4027,-0.0235,0.0235,0.0614
S2C_35SMC_20250822_0_L2A,2025-08-22 09:20:00.437000+00:00,2025-08,Lesvos,MGRS-35SMC,0.0,0.048109,0.039003,0.036663,0.033599,0.035752,0.032474,-0.0436,0.0311,-0.0311,-0.0603
S2B_35SMD_20250725_0_L2A,2025-07-25 09:09:33.678000+00:00,2025-07,Lesvos,MGRS-35SMD,0.01,0.050317,0.052621,0.057918,0.110903,0.112276,0.080049,0.3139,0.0062,-0.0062,0.0271
S2B_35SMD_20250625_1_L2A,2025-06-25 09:09:33.621000+00:00,2025-06,Lesvos,MGRS-35SMD,0.01,0.050884,0.052789,0.057201,0.11609,0.111247,0.080925,0.3398,-0.0213,0.0213,0.0044
S2C_35SMC_20250514_0_L2A,2025-05-14 09:19:57.804000+00:00,2025-05,Lesvos,MGRS-35SMC,0.11,0.094238,0.085607,0.087237,0.086945,0.089701,0.080862,-0.0017,0.0156,-0.0156,-0.0119
S2C_35SMC_20250421_0_L2A,2025-04-21 09:10:08.030000+00:00,2025-04,Lesvos,MGRS-35SMC,0.23,0.022421,0.014939,0.010321,0.0236,0.02047,0.014616,0.3915,-0.071,0.071,-0.1983
S2A_35SMD_20240926_1_L2A,2024-09-26 09:19:38.593000+00:00,2024-09,Lesvos,MGRS-35SMD,0.0,0.023223,0.010164,0.00446,0.002373,0.001001,0.000975,-0.3054,-0.4066,0.4066,-0.6483
S2B_35SMD_20240819_0_L2A,2024-08-19 09:09:33.397000+00:00,2024-08,Lesvos,MGRS-35SMD,0.0,0.036515,0.03979,0.045176,0.100312,0.097792,0.066879,0.379,-0.0127,0.0127,0.0219
S2B_35SMC_20240720_0_L2A,2024-07-20 09:09:49.967000+00:00,2024-07,Lesvos,MGRS-35SMC,0.01,0.035421,0.024688,0.022589,0.031453,0.03538,0.028371,0.164,0.0588,-0.0588,-0.0713
S2A_35SMD_20240625_0_L2A,2024-06-25 09:09:35.425000+00:00,2024-06,Lesvos,MGRS-35SMD,0.01,0.044955,0.052475,0.058721,0.120242,0.114448,0.07931,0.3438,-0.0247,0.0247,0.0236
S2B_35SMD_20240521_0_L2A,2024-05-21 09:09:31.188000+00:00,2024-05,Lesvos,MGRS-35SMD,0.0,0.035873,0.043632,0.047495,0.115051,0.102608,0.073554,0.4156,-0.0572,0.0572,-0.0027
S2B_35SMC_20240414_0_L2A,2024-04-14 09:19:41.703000+00:00,2024-04,Lesvos,MGRS-35SMC,0.0,0.039673,0.028169,0.025786,0.024407,0.028936,0.028324,-0.0275,0.0849,-0.0849,-0.0788
S2A_35SMC_20230922_0_L2A,2023-09-22 09:19:42.592000+00:00,2023-09,Lesvos,MGRS-35SMC,0.0,0.027917,0.019301,0.01524,0.013338,0.013283,0.01143,-0.0666,-0.002,0.002,-0.1824
S2B_35SMC_20230818_0_L2A,2023-08-18 09:19:46.235000+00:00,2023-08,Lesvos,MGRS-35SMC,0.0,0.058679,0.041843,0.032207,0.02524,0.021917,0.019494,-0.1213,-0.0705,0.0705,-0.2158
S2B_35SMD_20230726_0_L2A,2023-07-26 09:09:37.751000+00:00,2023-07,Lesvos,MGRS-35SMD,0.01,0.035955,0.044083,0.05036,0.107346,0.105003,0.076133,0.3613,-0.011,0.011,0.0404
S2A_35SMC_20230621_0_L2A,2023-06-21 09:09:50.284000+00:00,2023-06,Lesvos,MGRS-35SMC,0.06,0.050604,0.042174,0.037866,0.046977,0.045005,0.036857,0.1074,-0.0214,0.0214,-0.0815
S2B_35SMC_20230520_0_L2A,2023-05-20 09:19:45.788000+00:00,2023-05,Lesvos,MGRS-35SMC,0.12,0.107252,0.101185,0.107475,0.104667,0.118969,0.11518,-0.0132,0.064,-0.064,0.0331
S2A_35SMC_20230422_0_L2A,2023-04-22 09:09:45.414000+00:00,2023-04,Lesvos,MGRS-35SMC,2.96,0.024222,0.015104,0.010049,0.022999,0.017116,0.012158,0.3919,-0.1467,0.1467,-0.2696
S2A_35SMC_20220914_0_L2A,2022-09-14 09:09:56.287000+00:00,2022-09,Lesvos,MGRS-35SMC,0.01,0.012971,0.007315,0.007283,0.016433,0.018457,0.013666,0.3858,0.058,-0.058,-0.0664
S2A_35SMC_20220818_0_L2A,2022-08-18 09:19:53.479000+00:00,2022-08,Lesvos,MGRS-35SMC,0.0,0.052856,0.042896,0.039426,0.034466,0.037347,0.035175,-0.0671,0.0401,-0.0401,-0.0643
S2A_35SMD_20220726_0_L2A,2022-07-26 09:09:41.828000+00:00,2022-07,Lesvos,MGRS-35SMD,0.01,0.042288,0.047597,0.051801,0.105255,0.103258,0.072129,0.3403,-0.0096,0.0096,0.0248
S2A_35SMC_20220616_0_L2A,2022-06-16 09:09:57.497000+00:00,2022-06,Lesvos,MGRS-35SMC,0.04,0.041836,0.035501,0.034107,0.04341,0.045682,0.037081,0.12,0.0255,-0.0255,-0.0331
S2B_35SMC_20220522_0_L2A,2022-05-22 09:09:46.550000+00:00,2022-05,Lesvos,MGRS-35SMC,0.01,0.03648,0.023999,0.0204,0.031625,0.028612,0.022884,0.2157,-0.05,0.05,-0.163
S2A_35SMD_20220427_0_L2A,2022-04-27 09:09:36.966000+00:00,2022-04,Lesvos,MGRS-35SMD,0.05,0.027753,0.036684,0.035429,0.104969,0.083529,0.056537,0.4953,-0.1137,0.1137,-0.0547
S2B_35SMC_20210927_1_L2A,2021-09-27 09:19:39.719000+00:00,2021-09,Lesvos,MGRS-35SMC,0.0,0.009033,0.000124,0.0001,0.000101,0.001787,0.002739,0.0026,0.8935,-0.8935,-0.6576
S2A_35SMC_20210823_0_L2A,2021-08-23 09:19:43.094000+00:00,2021-08,Lesvos,MGRS-35SMC,0.02,0.056977,0.048157,0.044282,0.039857,0.041952,0.038734,-0.0526,0.0256,-0.0256,-0.0579
S2B_35SMD_20210729_1_L2A,2021-07-29 09:19:29.697000+00:00,2021-07,Lesvos,MGRS-35SMD,0.0,0.063749,0.07176,0.078169,0.140407,0.141897,0.106343,0.2847,0.0053,-0.0053,0.0375
S2B_35SMC_20210626_1_L2A,2021-06-26 09:09:47.142000+00:00,2021-06,Lesvos,MGRS-35SMC,0.11,0.036332,0.027528,0.027202,0.037556,0.039447,0.031722,0.1599,0.0246,-0.0246,-0.0515
S2A_35SMD_20210525_1_L2A,2021-05-25 09:19:28.557000+00:00,2021-05,Lesvos,MGRS-35SMD,0.2,0.060115,0.072049,0.074829,0.146155,0.134199,0.098341,0.3228,-0.0426,0.0426,0.0066
S2B_35SMD_20210430_1_L2A,2021-04-30 09:19:23.734000+00:00,2021-04,Lesvos,MGRS-35SMD,0.01,0.044423,0.050487,0.045504,0.131747,0.099395,0.068476,0.4866,-0.14,0.14,-0.0974
S2B_35SMD_20200922_1_L2A,2020-09-22 09:19:30.159000+00:00,2020-09,Lesvos,MGRS-35SMD,0.13,0.030143,0.036378,0.041874,0.102319,0.103335,0.06995,0.4192,0.0049,-0.0049,0.0459
S2A_35SMC_20200828_1_L2A,2020-08-28 09:19:46.076000+00:00,2020-08,Lesvos,MGRS-35SMC,0.0,0.02554,0.016335,0.013518,0.012296,0.015007,0.014832,-0.0473,0.0993,-0.0993,-0.1403
S2A_35SMD_20200726_1_L2A,2020-07-26 09:09:37.394000+00:00,2020-07,Lesvos,MGRS-35SMD,0.0,0.04108,0.046333,0.048841,0.103506,0.10191,0.071376,0.3588,-0.0078,0.0078,0.0209
S2A_35SMC_20200626_1_L2A,2020-06-26 09:09:51.955000+00:00,2020-06,Lesvos,MGRS-35SMC,0.72,0.050659,0.042693,0.03956,0.049417,0.049074,0.039853,0.1108,-0.0035,0.0035,-0.0606
S2A_35SMD_20200510_1_L2A,2020-05-10 09:19:32.362000+00:00,2020-05,Lesvos,MGRS-35SMD,0.0,0.051125,0.059431,0.057129,0.138242,0.111097,0.078482,0.4152,-0.1089,0.1089,-0.0591
S2B_35SMC_20200425_1_L2A,2020-04-25 09:19:35.815000+00:00,2020-04,Lesvos,MGRS-35SMC,2.77,0.048087,0.038688,0.03674,0.035134,0.038216,0.037941,-0.0224,0.042,-0.042,-0.0522
S2B_35SMD_20190928_1_L2A,2019-09-28 09:19:28.125000+00:00,2019-09,Lesvos,MGRS-35SMD,0.0,0.026883,0.031731,0.03646,0.101266,0.093065,0.06268,0.4705,-0.0422,0.0422,0.0053
S2B_35SMD_20190829_1_L2A,2019-08-29 09:19:31.840000+00:00,2019-08,Lesvos,MGRS-35SMD,0.0,0.039879,0.046289,0.051629,0.116284,0.11245,0.078992,0.3851,-0.0168,0.0168,0.0247
S2B_35SMD_20190727_1_L2A,2019-07-27 09:09:40.105000+00:00,2019-07,Lesvos,MGRS-35SMD,0.0,0.043735,0.04515,0.04671,0.107414,0.098287,0.07136,0.3939,-0.0444,0.0444,-0.0208
S2B_35SMC_20190627_1_L2A,2019-06-27 09:09:54.878000+00:00,2019-06,Lesvos,MGRS-35SMC,0.01,0.04503,0.035329,0.033334,0.043515,0.045502,0.037717,0.1325,0.0223,-0.0223,-0.058
S2B_35SMC_20190528_1_L2A,2019-05-28 09:09:54.954000+00:00,2019-05,Lesvos,MGRS-35SMC,0.13,0.023014,0.02226,0.025081,0.041103,0.042874,0.035184,0.2421,0.0211,-0.0211,0.0291
S2A_35SMD_20190426_1_L2A,2019-04-26 09:19:31.327000+00:00,2019-04,Lesvos,MGRS-35SMD,0.03,0.041784,0.056992,0.054272,0.138681,0.101103,0.067505,0.4375,-0.1567,0.1567,-0.0747
S2B_35SMD_20180923_1_L2A,2018-09-23 09:19:21.028000+00:00,2018-09,Lesvos,MGRS-35SMD,0.0,0.029115,0.033178,0.03676,0.099361,0.093256,0.063866,0.4599,-0.0317,0.0317,0.006
S2B_35SMC_20180824_1_L2A,2018-08-24 09:19:33.029000+00:00,2018-08,Lesvos,MGRS-35SMC,0.0,0.031604,0.019225,0.016472,0.014352,0.020581,0.020855,-0.0688,0.1783,-0.1783,-0.1073
S2A_35SMC_20180730_0_L2A,2018-07-30 09:16:40.253000+00:00,2018-07,Lesvos,MGRS-35SMC,0.14,0.097908,0.08755,0.086898,0.079842,0.092233,0.08796,-0.0423,0.072,-0.072,0.0039
S2B_35SMC_20180612_1_L2A,2018-06-12 09:09:44.451000+00:00,2018-06,Lesvos,MGRS-35SMC,0.01,0.048822,0.037929,0.036056,0.047224,0.045751,0.038579,0.1341,-0.0158,0.0158,-0.0801
S2B_35SMD_20180513_0_L2A,2018-05-13 09:00:13.219000+00:00,2018-05,Lesvos,MGRS-35SMD,0.27,0.047341,0.04645,0.045464,0.103772,0.092211,0.067172,0.3907,-0.059,0.059,-0.0465
S2B_35SMD_20180426_0_L2A,2018-04-26 09:09:18.100000+00:00,2018-04,Lesvos,MGRS-35SMD,0.03,0.041004,0.042672,0.04041,0.11994,0.095451,0.062411,0.496,-0.1137,0.1137,-0.0845
S2B_35SMC_20170908_0_L2A,2017-09-08 09:19:06.806000+00:00,2017-09,Lesvos,MGRS-35SMC,0.01,0.020998,0.006676,0.000619,0.000191,0.001057,0.001346,-0.5287,0.6939,-0.6939,-0.8534
S2B_35SMC_20170829_0_L2A,2017-08-29 09:08:41.637000+00:00,2017-08,Lesvos,MGRS-35SMC,0.01,0.050278,0.035986,0.0288,0.023604,0.021814,0.020732,-0.0992,-0.0394,0.0394,-0.1869
S2B_35SMC_20170730_0_L2A,2017-07-30 09:18:59.367000+00:00,2017-07,Lesvos,MGRS-35SMC,0.02,0.07712,0.068169,0.068795,0.062021,0.07017,0.070053,-0.0518,0.0616,-0.0616,-0.0006
S2B_35SMD_20170630_0_L2A,2017-06-30 09:18:01.648000+00:00,2017-06,Lesvos,MGRS-35SMD,4.95,0.065707,0.075077,0.082075,0.140639,0.140891,0.108339,0.263,0.0009,-0.0009,0.0387
S2A_35SMD_20170416_0_L2A,2017-04-16 09:08:07.947000+00:00,2017-04,Lesvos,MGRS-35SMD,14.16,0.052696,0.060836,0.058368,0.138303,0.108082,0.075596,0.4064,-0.1227,0.1227,-0.0687
S2B_34TDK_20250922_0_L2A,2025-09-22 09:39:24.162000+00:00,2025-09,Epirus,MGRS-34TDK,0.0,0.032636,0.05593,0.051924,0.265664,0.18896,0.109994,0.673,-0.1687,0.1687,-0.1065
S2C_34TDK_20250828_0_L2A,2025-08-28 09:39:49.196000+00:00,2025-08,Epirus,MGRS-34TDK,0.01,0.035605,0.064092,0.061174,0.291724,0.213273,0.116916,0.6533,-0.1553,0.1553,-0.0879
S2C_34SEJ_20250726_0_L2A,2025-07-26 09:30:02.158000+00:00,2025-07,Epirus,MGRS-34SEJ,0.0,0.055254,0.090119,0.084649,0.33664,0.254489,0.146668,0.5981,-0.139,0.139,-0.0722
S2C_34SDJ_20250626_0_L2A,2025-06-26 09:30:03.295000+00:00,2025-06,Epirus,MGRS-34SDJ,0.12,0.053584,0.082198,0.073584,0.326686,0.245574,0.14117,0.6323,-0.1417,0.1417,-0.0874
S2C_34SDJ_20250527_0_L2A,2025-05-27 09:30:02.674000+00:00,2025-05,Epirus,MGRS-34SDJ,0.83,0.049419,0.082802,0.064938,0.337087,0.217957,0.125477,0.6769,-0.2146,0.2146,-0.1548
S2C_34TEK_20250430_0_L2A,2025-04-30 09:39:43.092000+00:00,2025-04,Epirus,MGRS-34TEK,0.41,0.032678,0.061549,0.054425,0.247484,0.180987,0.107798,0.6395,-0.1552,0.1552,-0.0868
S2B_34TEK_20240927_0_L2A,2024-09-27 09:39:21.123000+00:00,2024-09,Epirus,MGRS-34TEK,0.0,0.028386,0.047961,0.042104,0.231712,0.158692,0.092638,0.6925,-0.187,0.187,-0.1287
S2A_34SDJ_20240823_0_L2A,2024-08-23 09:39:36.891000+00:00,2024-08,Epirus,MGRS-34SDJ,4.3,0.090125,0.108125,0.107243,0.274419,0.224861,0.140544,0.438,-0.0993,0.0993,-0.0466
S2B_34SDJ_20240729_0_L2A,2024-07-29 09:39:41.169000+00:00,2024-07,Epirus,MGRS-34SDJ,0.0,0.050253,0.071653,0.070943,0.264939,0.215657,0.132447,0.5776,-0.1025,0.1025,-0.0475
S2A_34SDJ_20240621_0_L2A,2024-06-21 09:29:47.677000+00:00,2024-06,Epirus,MGRS-34SDJ,0.25,0.052386,0.086595,0.084034,0.324841,0.252123,0.149139,0.589,-0.126,0.126,-0.0576
S2B_34SEJ_20240520_0_L2A,2024-05-20 09:39:34.254000+00:00,2024-05,Epirus,MGRS-34SEJ,4.37,0.042424,0.074777,0.061593,0.308204,0.200398,0.119144,0.6669,-0.212,0.212,-0.1447
S2B_34SDJ_20240427_0_L2A,2024-04-27 09:29:41.803000+00:00,2024-04,Epirus,MGRS-34SDJ,1.85,0.058259,0.084606,0.067949,0.319973,0.205275,0.123965,0.6497,-0.2184,0.2184,-0.1612
S2B_34SEJ_20230923_0_L2A,2023-09-23 09:39:38.637000+00:00,2023-09,Epirus,MGRS-34SEJ,0.0,0.037353,0.06508,0.063824,0.261299,0.194214,0.1165,0.6074,-0.1473,0.1473,-0.073
S2B_34SDJ_20230821_0_L2A,2023-08-21 09:29:47.601000+00:00,2023-08,Epirus,MGRS-34SDJ,0.0,0.054816,0.076283,0.072504,0.285783,0.227867,0.137822,0.5953,-0.1128,0.1128,-0.0628
S2B_34SEJ_20230725_0_L2A,2023-07-25 09:39:41.054000+00:00,2023-07,Epirus,MGRS-34SEJ,0.0,0.053122,0.076775,0.068384,0.297893,0.201711,0.116179,0.6266,-0.1925,0.1925,-0.1303
S2A_34TDK_20230620_0_L2A,2023-06-20 09:39:29.135000+00:00,2023-06,Epirus,MGRS-34TDK,0.14,0.036037,0.065684,0.047579,0.322569,0.192202,0.102314,0.7429,-0.2533,0.2533,-0.1986
S2B_34SDJ_20230506_0_L2A,2023-05-06 09:39:42.156000+00:00,2023-05,Epirus,MGRS-34SDJ,9.32,0.131479,0.145249,0.127817,0.318953,0.211481,0.146064,0.4278,-0.2026,0.2026,-0.1407
S2B_34TDK_20230413_0_L2A,2023-04-13 09:29:28.917000+00:00,2023-04,Epirus,MGRS-34TDK,0.0,0.079888,0.101314,0.102614,0.260768,0.202917,0.135658,0.4352,-0.1248,0.1248,-0.0544
S2A_34SDJ_20220920_0_L2A,2022-09-20 09:29:50.590000+00:00,2022-09,Epirus,MGRS-34SDJ,0.02,0.040558,0.064914,0.061946,0.253014,0.207925,0.126527,0.6066,-0.0978,0.0978,-0.0421
S2B_34SEJ_20220816_0_L2A,2022-08-16 09:29:42.305000+00:00,2022-08,Epirus,MGRS-34SEJ,2.79,0.078956,0.101537,0.092392,0.303726,0.241857,0.156523,0.5335,-0.1134,0.1134,-0.0676
S2A_34SDJ_20220725_0_L2A,2022-07-25 09:39:49.812000+00:00,2022-07,Epirus,MGRS-34SDJ,0.17,0.048621,0.072616,0.071574,0.260576,0.216878,0.128887,0.569,-0.0915,0.0915,-0.0347
S2B_34SDJ_20220627_0_L2A,2022-06-27 09:29:47.894000+00:00,2022-06,Epirus,MGRS-34SDJ,0.04,0.06048,0.084985,0.076952,0.304802,0.242791,0.153222,0.5968,-0.1132,0.1132,-0.0665
S2B_34SDJ_20220521_0_L2A,2022-05-21 09:39:39.513000+00:00,2022-05,Epirus,MGRS-34SDJ,0.13,0.047165,0.069939,0.058281,0.282687,0.189548,0.115859,0.6581,-0.1972,0.1972,-0.142
S2A_34TEK_20220426_0_L2A,2022-04-26 09:39:26.306000+00:00,2022-04,Epirus,MGRS-34TEK,0.21,0.063003,0.08963,0.097433,0.235536,0.175162,0.112731,0.4148,-0.147,0.147,-0.0454
S2A_34SEJ_20210925_1_L2A,2021-09-25 09:29:43.292000+00:00,2021-09,Epirus,MGRS-34SEJ,0.0,0.047102,0.073802,0.071945,0.282403,0.213749,0.130717,0.5939,-0.1384,0.1384,-0.0712
S2B_34SEJ_20210824_0_L2A,2021-08-24 09:39:33.664000+00:00,2021-08,Epirus,MGRS-34SEJ,0.74,0.054365,0.076425,0.075048,0.270897,0.214119,0.130368,0.5661,-0.1171,0.1171,-0.0587
S2A_34SDJ_20210730_1_L2A,2021-07-30 09:39:42.800000+00:00,2021-07,Epirus,MGRS-34SDJ,0.0,0.045181,0.074323,0.076805,0.276214,0.220865,0.131628,0.5649,-0.1113,0.1113,-0.0383
S2A_34SDJ_20210627_1_L2A,2021-06-27 09:29:44.431000+00:00,2021-06,Epirus,MGRS-34SDJ,0.0,0.055888,0.088804,0.082407,0.328832,0.251941,0.151945,0.5992,-0.1324,0.1324,-0.0701
S2B_34SDJ_20210523_1_L2A,2021-05-23 09:29:42.965000+00:00,2021-05,Epirus,MGRS-34SDJ,0.01,0.054736,0.088418,0.073213,0.340184,0.22673,0.13847,0.6458,-0.2001,0.2001,-0.1367
S2B_34SDJ_20210426_0_L2A,2021-04-26 09:39:34.504000+00:00,2021-04,Epirus,MGRS-34SDJ,5.25,0.11001,0.124806,0.113914,0.282035,0.2061,0.140833,0.4246,-0.1556,0.1556,-0.1012
S2A_34SDJ_20200930_0_L2A,2020-09-30 09:29:48.452000+00:00,2020-09,Epirus,MGRS-34SDJ,4.91,0.064118,0.08507,0.076869,0.257267,0.197247,0.124302,0.5399,-0.1321,0.1321,-0.0794
S2B_34TEK_20200829_1_L2A,2020-08-29 09:39:24.501000+00:00,2020-08,Epirus,MGRS-34TEK,0.0,0.032756,0.052409,0.04469,0.266647,0.170652,0.098062,0.7129,-0.2195,0.2195,-0.1633
S2B_34SDJ_20200730_1_L2A,2020-07-30 09:39:42.262000+00:00,2020-07,Epirus,MGRS-34SDJ,0.18,0.050996,0.07072,0.065832,0.268077,0.20845,0.127504,0.6057,-0.1251,0.1251,-0.0755
S2B_34TDK_20200630_1_L2A,2020-06-30 09:39:27.557000+00:00,2020-06,Epirus,MGRS-34TDK,0.16,0.041281,0.067553,0.053525,0.318905,0.20714,0.120201,0.7126,-0.2125,0.2125,-0.1603
S2A_34SDJ_20200523_0_L2A,2020-05-23 09:29:48.617000+00:00,2020-05,Epirus,MGRS-34SDJ,1.73,0.05799,0.088961,0.076034,0.326767,0.230448,0.137057,0.6225,-0.1729,0.1729,-0.1132
S2B_34TDK_20200418_1_L2A,2020-04-18 09:29:23.520000+00:00,2020-04,Epirus,MGRS-34TDK,0.0,0.063641,0.090397,0.091181,0.279727,0.223244,0.145773,0.5083,-0.1123,0.1123,-0.044
S2A_34TEK_20190929_1_L2A,2019-09-29 09:39:22.674000+00:00,2019-09,Epirus,MGRS-34TEK,0.0,0.025737,0.049523,0.046045,0.243464,0.165893,0.092567,0.6819,-0.1895,0.1895,-0.119
S2A_34SDJ_20190827_1_L2A,2019-08-27 09:29:44.201000+00:00,2019-08,Epirus,MGRS-34SDJ,0.3,0.054683,0.081582,0.082061,0.290834,0.242779,0.145204,0.5599,-0.0901,0.0901,-0.0308
S2A_34SEJ_20190728_1_L2A,2019-07-28 09:29:44.560000+00:00,2019-07,Epirus,MGRS-34SEJ,0.0,0.051582,0.085096,0.073263,0.338396,0.23949,0.140989,0.6441,-0.1712,0.1712,-0.1099
S2A_34SDJ_20190628_1_L2A,2019-06-28 09:29:47.354000+00:00,2019-06,Epirus,MGRS-34SDJ,0.24,0.053612,0.085464,0.074365,0.339157,0.244781,0.14283,0.6403,-0.1616,0.1616,-0.1034
S2B_34SDJ_20190517_0_L2A,2019-05-17 09:39:48.147000+00:00,2019-05,Epirus,MGRS-34SDJ,9.78,0.161472,0.173554,0.156095,0.349971,0.229397,0.159262,0.3831,-0.2081,0.2081,-0.1404
S2A_34SEJ_20190429_0_L2A,2019-04-29 09:29:43.345000+00:00,2019-04,Epirus,MGRS-34SEJ,4.53,0.15843,0.179681,0.174889,0.34361,0.263494,0.187693,0.3254,-0.132,0.132,-0.0677
S2A_34TEK_20180924_0_L2A,2018-09-24 09:34:42+00:00,2018-09,Epirus,MGRS-34TEK,0.09,0.03564,0.053817,0.047125,0.237046,0.164244,0.091406,0.6683,-0.1814,0.1814,-0.1267
S2B_34SDJ_20180830_0_L2A,2018-08-30 09:39:11.199000+00:00,2018-08,Epirus,MGRS-34SDJ,0.75,0.053345,0.070481,0.064222,0.241543,0.195391,0.121914,0.5799,-0.1056,0.1056,-0.0636
S2A_34TDK_20180723_0_L2A,2018-07-23 09:28:11.251000+00:00,2018-07,Epirus,MGRS-34TDK,1.48,0.046466,0.082128,0.072056,0.329863,0.234962,0.140784,0.6414,-0.168,0.168,-0.1014
S2A_34SDJ_20180613_0_L2A,2018-06-13 09:20:27.457000+00:00,2018-06,Epirus,MGRS-34SDJ,1.47,0.060436,0.09443,0.085396,0.324006,0.24455,0.148398,0.5828,-0.1398,0.1398,-0.0763
S2B_34SDJ_20180522_0_L2A,2018-05-22 09:30:31.464000+00:00,2018-05,Epirus,MGRS-34SDJ,0.75,0.05143,0.076333,0.064812,0.28165,0.192694,0.118934,0.6259,-0.1875,0.1875,-0.128
S2A_34SDJ_20180427_0_L2A,2018-04-27 09:37:34.964000+00:00,2018-04,Epirus,MGRS-34SDJ,0.47,0.047924,0.071853,0.060701,0.277927,0.191113,0.112437,0.6415,-0.1851,0.1851,-0.1282
S2B_34SEJ_20170911_0_L2A,2017-09-11 09:28:51.760000+00:00,2017-09,Epirus,MGRS-34SEJ,0.08,0.051901,0.077943,0.075063,0.272312,0.209276,0.130302,0.5678,-0.1309,0.1309,-0.0655
S2B_34TDK_20170825_0_L2A,2017-08-25 09:36:30.233000+00:00,2017-08,Epirus,MGRS-34TDK,0.03,0.036845,0.061832,0.062252,0.275767,0.203828,0.122313,0.6317,-0.15,0.15,-0.0804
S2B_34SDJ_20170723_0_L2A,2017-07-23 09:28:53.548000+00:00,2017-07,Epirus,MGRS-34SDJ,0.08,0.058699,0.082571,0.079152,0.291661,0.234963,0.148528,0.5731,-0.1077,0.1077,-0.0545
S2A_34SDJ_20170611_0_L2A,2017-06-11 09:34:33.572000+00:00,2017-06,Epirus,MGRS-34SDJ,14.62,0.238136,0.24176,0.227275,0.389488,0.252848,0.182188,0.263,-0.2127,0.2127,-0.1332
S2A_34SEJ_20170502_0_L2A,2017-05-02 09:33:58.494000+00:00,2017-05,Epirus,MGRS-34SEJ,10.81,0.117712,0.140284,0.130913,0.309913,0.217092,0.140337,0.4061,-0.1761,0.1761,-0.1027
S2A_34TEK_20170402_0_L2A,2017-04-02 09:38:44.724000+00:00,2017-04,Epirus,MGRS-34TEK,3.85,0.071224,0.092599,0.100688,0.225057,0.167623,0.108772,0.3818,-0.1463,0.1463,-0.0495
S2B_34TEK_20250919_0_L2A,2025-09-19 09:29:22.807000+00:00,2025-09,Thessaly,MGRS-34TEK,0.0,0.054949,0.081393,0.095352,0.281405,0.275776,0.181329,0.4938,-0.0101,0.0101,0.0492
S2B_34SFJ_20250830_0_L2A,2025-08-30 09:29:37.145000+00:00,2025-08,Thessaly,MGRS-34SFJ,0.09,0.074811,0.109509,0.139449,0.300319,0.296524,0.201137,0.3658,-0.0064,0.0064,0.075
S2C_34SFJ_20250626_0_L2A,2025-06-26 09:29:56.719000+00:00,2025-06,Thessaly,MGRS-34SFJ,0.05,0.079916,0.115197,0.143315,0.308168,0.311016,0.203061,0.3651,0.0046,-0.0046,0.0786
S2A_34SFJ_20250526_0_L2A,2025-05-26 09:19:56.263000+00:00,2025-05,Thessaly,MGRS-34SFJ,0.16,0.045568,0.06576,0.06553,0.204518,0.159465,0.103344,0.5147,-0.1238,0.1238,-0.0528
S2A_34TFK_20250419_1_L2A,2025-04-19 09:29:34.815000+00:00,2025-04,Thessaly,MGRS-34TFK,0.85,0.05513,0.077294,0.06928,0.241887,0.161354,0.102767,0.5547,-0.1997,0.1997,-0.1258
S2A_34SFJ_20240926_1_L2A,2024-09-26 09:19:43.753000+00:00,2024-09,Thessaly,MGRS-34SFJ,0.71,0.032157,0.0516,0.056356,0.182169,0.167407,0.111671,0.5275,-0.0422,0.0422,0.0215
S2B_34SFJ_20240822_0_L2A,2024-08-22 09:19:38.648000+00:00,2024-08,Thessaly,MGRS-34SFJ,0.87,0.052563,0.085693,0.099797,0.299095,0.257543,0.166407,0.4996,-0.0746,0.0746,0.008
S2A_34SFJ_20240728_0_L2A,2024-07-28 09:19:41.958000+00:00,2024-07,Thessaly,MGRS-34SFJ,1.36,0.053477,0.088417,0.104468,0.282109,0.251035,0.156514,0.4595,-0.0583,0.0583,0.0288
S2B_34SFJ_20240623_0_L2A,2024-06-23 09:19:42.170000+00:00,2024-06,Thessaly,MGRS-34SFJ,0.01,0.059112,0.093011,0.111947,0.272962,0.252972,0.171606,0.4183,-0.038,0.038,0.0471
S2A_34SFJ_20240522_0_L2A,2024-05-22 09:29:35.811000+00:00,2024-05,Thessaly,MGRS-34SFJ,0.07,0.056804,0.087829,0.098902,0.265402,0.236807,0.162741,0.457,-0.0569,0.0569,0.0205
S2A_34SFJ_20240409_0_L2A,2024-04-09 09:19:39.150000+00:00,2024-04,Thessaly,MGRS-34SFJ,0.01,0.036267,0.059976,0.056696,0.247699,0.169149,0.107939,0.6275,-0.1884,0.1884,-0.114
S2A_34SFJ_20230922_0_L2A,2023-09-22 09:19:40.997000+00:00,2023-09,Thessaly,MGRS-34SFJ,0.04,0.028713,0.063277,0.070557,0.212809,0.184993,0.122,0.502,-0.0699,0.0699,0.0282
S2B_34SFJ_20230821_0_L2A,2023-08-21 09:29:41.050000+00:00,2023-08,Thessaly,MGRS-34SFJ,0.0,0.07192,0.100157,0.123431,0.293931,0.286995,0.195858,0.4085,-0.0119,0.0119,0.0574
S2B_34SEJ_20230722_0_L2A,2023-07-22 09:29:45.717000+00:00,2023-07,Thessaly,MGRS-34SEJ,0.0,0.063892,0.096027,0.106582,0.325798,0.289552,0.186641,0.507,-0.0589,0.0589,0.0082
S2A_34SFJ_20230624_0_L2A,2023-06-24 09:19:42.521000+00:00,2023-06,Thessaly,MGRS-34SFJ,0.07,0.061189,0.083702,0.088086,0.226277,0.220591,0.150851,0.4396,-0.0127,0.0127,0.0356
S2A_34TFK_20230508_0_L2A,2023-05-08 09:29:21.565000+00:00,2023-05,Thessaly,MGRS-34TFK,22.07,0.149332,0.160799,0.146633,0.29849,0.203743,0.14408,0.3412,-0.1887,0.1887,-0.1221
S2A_34TEK_20230428_0_L2A,2023-04-28 09:29:25.231000+00:00,2023-04,Thessaly,MGRS-34TEK,0.75,0.045026,0.079557,0.07163,0.316951,0.22963,0.141394,0.6313,-0.1598,0.1598,-0.0915
S2B_34SFJ_20220925_1_L2A,2022-09-25 09:29:43.060000+00:00,2022-09,Thessaly,MGRS-34SFJ,0.72,0.040848,0.059535,0.059555,0.246315,0.186398,0.118116,0.6106,-0.1385,0.1385,-0.0773
S2A_34SFJ_20220818_0_L2A,2022-08-18 09:19:51.942000+00:00,2022-08,Thessaly,MGRS-34SFJ,0.01,0.044835,0.063651,0.066427,0.204533,0.178931,0.115872,0.5097,-0.0668,0.0668,-0.0081
S2B_34SFJ_20220724_0_L2A,2022-07-24 09:19:44.381000+00:00,2022-07,Thessaly,MGRS-34SFJ,0.0,0.061331,0.081429,0.084523,0.242349,0.221203,0.150603,0.4828,-0.0456,0.0456,0.0034
S2A_34SEJ_20220622_0_L2A,2022-06-22 09:29:51.901000+00:00,2022-06,Thessaly,MGRS-34SEJ,0.04,0.056263,0.09428,0.10472,0.303523,0.289861,0.196813,0.487,-0.023,0.023,0.0461
S2B_34SFJ_20220525_0_L2A,2022-05-25 09:19:39.499000+00:00,2022-05,Thessaly,MGRS-34SFJ,0.0,0.056367,0.081396,0.085345,0.243375,0.203902,0.142167,0.4807,-0.0883,0.0883,-0.0178
S2B_34SFJ_20220428_0_L2A,2022-04-28 09:29:28.952000+00:00,2022-04,Thessaly,MGRS-34SFJ,0.16,0.051679,0.077965,0.073626,0.303487,0.200453,0.134766,0.6095,-0.2045,0.2045,-0.1289
S2A_34SFJ_20210925_1_L2A,2021-09-25 09:29:39.809000+00:00,2021-09,Thessaly,MGRS-34SFJ,0.0,0.054853,0.079905,0.095656,0.244104,0.249436,0.176947,0.4369,0.0108,-0.0108,0.0716
S2A_34SFJ_20210816_0_L2A,2021-08-16 09:29:38.711000+00:00,2021-08,Thessaly,MGRS-34SFJ,0.24,0.065014,0.096908,0.112898,0.288487,0.280934,0.188954,0.4375,-0.0133,0.0133,0.054
S2B_34SFJ_20210729_1_L2A,2021-07-29 09:19:41.123000+00:00,2021-07,Thessaly,MGRS-34SFJ,0.0,0.052671,0.08568,0.098756,0.276723,0.241999,0.159056,0.474,-0.0669,0.0669,0.017
S2A_34SEJ_20210627_1_L2A,2021-06-27 09:29:41.365000+00:00,2021-06,Thessaly,MGRS-34SEJ,0.13,0.065131,0.099489,0.111474,0.304161,0.301695,0.208242,0.4636,-0.0041,0.0041,0.0561
S2B_34SFJ_20210410_0_L2A,2021-04-10 09:19:36.133000+00:00,2021-04,Thessaly,MGRS-34SFJ,0.13,0.044868,0.063939,0.061327,0.241308,0.172441,0.119178,0.5947,-0.1664,0.1664,-0.1008
S2A_34SFJ_20200930_0_L2A,2020-09-30 09:29:41.891000+00:00,2020-09,Thessaly,MGRS-34SFJ,1.22,0.053836,0.080269,0.089018,0.223918,0.230237,0.16487,0.4311,0.0139,-0.0139,0.0695
S2A_34SFJ_20200729_1_L2A,2020-07-29 09:19:45.042000+00:00,2020-07,Thessaly,MGRS-34SFJ,0.03,0.054377,0.082877,0.089877,0.268079,0.234416,0.148751,0.4978,-0.067,0.067,0.0028
S2A_34SFJ_20200629_1_L2A,2020-06-29 09:19:44.522000+00:00,2020-06,Thessaly,MGRS-34SFJ,0.14,0.060347,0.086655,0.093178,0.252027,0.238904,0.161973,0.4602,-0.0267,0.0267,0.0306
S2A_34SEJ_20200523_0_L2A,2020-05-23 09:29:45.538000+00:00,2020-05,Thessaly,MGRS-34SEJ,8.83,0.062552,0.094644,0.105235,0.286183,0.266477,0.181449,0.4623,-0.0357,0.0357,0.0319
S2B_34SFJ_20200425_1_L2A,2020-04-25 09:19:34.055000+00:00,2020-04,Thessaly,MGRS-34SFJ,0.54,0.060869,0.089301,0.089837,0.302334,0.232738,0.167968,0.5418,-0.1301,0.1301,-0.0592
S2A_34SFJ_20190926_0_L2A,2019-09-26 09:29:37.248000+00:00,2019-09,Thessaly,MGRS-34SFJ,0.46,0.059078,0.086276,0.102429,0.232939,0.253571,0.179054,0.3892,0.0424,-0.0424,0.0987
S2A_34SEJ_20190827_1_L2A,2019-08-27 09:29:41.128000+00:00,2019-08,Thessaly,MGRS-34SEJ,0.01,0.05465,0.085869,0.093936,0.324921,0.275446,0.172608,0.5515,-0.0824,0.0824,-0.0136
S2A_34TEK_20190628_0_L2A,2019-06-28 09:29:29.605000+00:00,2019-06,Thessaly,MGRS-34TEK,1.52,0.059712,0.091004,0.093279,0.311442,0.287556,0.18367,0.539,-0.0399,0.0399,0.0129
S2B_34SFJ_20180923_1_L2A,2018-09-23 09:19:32.461000+00:00,2018-09,Thessaly,MGRS-34SFJ,0.0,0.049573,0.070831,0.077505,0.256257,0.222487,0.149839,0.5356,-0.0705,0.0705,-0.0096
S2A_34SFJ_20180829_0_L2A,2018-08-29 09:17:03.507000+00:00,2018-08,Thessaly,MGRS-34SFJ,1.0,0.042911,0.061989,0.055771,0.201171,0.169222,0.105192,0.5659,-0.0863,0.0863,-0.0407
S2A_34SFJ_20180720_0_L2A,2018-07-20 09:16:44.856000+00:00,2018-07,Thessaly,MGRS-34SFJ,3.18,0.046846,0.073529,0.071593,0.238569,0.215573,0.148014,0.5384,-0.0506,0.0506,0.0031
S2A_34SFJ_20180613_1_L2A,2018-06-13 09:29:35.083000+00:00,2018-06,Thessaly,MGRS-34SFJ,1.25,0.074398,0.109125,0.133914,0.281119,0.305161,0.212963,0.3547,0.041,-0.041,0.1052
S2A_34SFJ_20180514_0_L2A,2018-05-14 09:20:31.459000+00:00,2018-05,Thessaly,MGRS-34SFJ,0.75,0.051664,0.07825,0.083115,0.242336,0.217844,0.153371,0.4892,-0.0532,0.0532,0.0117
S2B_34SFJ_20180426_0_L2A,2018-04-26 09:09:18.100000+00:00,2018-04,Thessaly,MGRS-34SFJ,0.19,0.052415,0.076707,0.080995,0.238113,0.199057,0.139206,0.4924,-0.0893,0.0893,-0.0184
S2B_34SFJ_20170819_0_L2A,2017-08-19 09:19:10.807000+00:00,2017-08,Thessaly,MGRS-34SFJ,0.04,0.064878,0.076699,0.077117,0.222809,0.191532,0.129724,0.4858,-0.0755,0.0755,-0.0342
S2B_34SFJ_20170723_0_L2A,2017-07-23 09:28:53.548000+00:00,2017-07,Thessaly,MGRS-34SFJ,0.08,0.071389,0.097903,0.102874,0.281168,0.264675,0.18799,0.4643,-0.0302,0.0302,0.0208
S2B_34SFJ_20170630_0_L2A,2017-06-30 09:18:01.648000+00:00,2017-06,Thessaly,MGRS-34SFJ,0.07,0.067812,0.088076,0.089566,0.230732,0.214952,0.158276,0.4407,-0.0354,0.0354,0.0099
