time,latitude,longitude,soil_water_vol_m3m3,net_solar_rad_Jm2,temp_2m_C,skin_temp_C,precip_mm_day,month
2015-04-01 00:00:00+00:00,38.1,23.5,0.3089,1.8589864e+07,13.52,13.68,0.409,2015-04
2015-04-01 00:00:00+00:00,37.8,24.0,0.2327,1.848298e+07,14.5,14.99,0.26,2015-04
2015-04-01 00:00:00+00:00,37.9,23.9,0.2603,1.7831202e+07,14.26,14.68,0.342,2015-04
2015-04-01 00:00:00+00:00,37.9,23.8,0.2412,1.847965e+07,14.57,14.86,0.317,2015-04
2015-04-01 00:00:00+00:00,37.9,23.5,0.1843,2.111755e+07,15.34,16.6,0.354,2015-04
2015-04-01 00:00:00+00:00,38.0,23.9,0.2629,1.8178144e+07,14.18,14.24,0.45,2015-04
2015-04-01 00:00:00+00:00,38.0,23.8,0.2587,1.7833678e+07,13.87,14.31,0.414,2015-04
2015-04-01 00:00:00+00:00,38.0,23.7,0.2103,1.7791006e+07,14.32,15.61,0.381,2015-04
2015-04-01 00:00:00+00:00,38.0,23.6,0.2854,1.9497096e+07,15.03,15.98,0.368,2015-04
2015-04-01 00:00:00+00:00,38.0,23.5,0.2095,1.9693708e+07,15.12,16.27,0.366,2015-04
2015-04-01 00:00:00+00:00,38.1,24.0,0.3187,1.9900062e+07,14.42,14.19,0.558,2015-04
2015-04-01 00:00:00+00:00,38.1,23.9,0.3251,1.8667528e+07,13.32,13.63,0.545,2015-04
2015-04-01 00:00:00+00:00,38.1,23.8,0.3089,1.820006e+07,12.48,13.01,0.503,2015-04
2015-04-01 00:00:00+00:00,38.1,23.7,0.2952,1.80696e+07,12.55,12.91,0.462,2015-04
2015-04-01 00:00:00+00:00,38.1,23.6,0.2744,1.8060746e+07,13.32,13.54,0.431,2015-04
2015-04-01 00:00:00+00:00,38.0,24.0,0.257,1.8494774e+07,14.51,14.45,0.472,2015-04
2015-05-01 00:00:00+00:00,37.9,23.8,0.1366,2.1186986e+07,20.49,21.76,0.689,2015-05
2015-05-01 00:00:00+00:00,37.9,23.9,0.1668,2.0525776e+07,20.3,21.44,0.833,2015-05
2015-05-01 00:00:00+00:00,37.8,24.0,0.1481,2.1238016e+07,20.17,21.31,0.641,2015-05
2015-05-01 00:00:00+00:00,37.9,23.5,0.0876,2.408833e+07,21.2,24.1,0.512,2015-05
2015-05-01 00:00:00+00:00,38.1,24.0,0.2293,2.3040684e+07,21.2,21.37,1.518,2015-05
2015-05-01 00:00:00+00:00,38.0,23.9,0.1517,2.0928524e+07,20.75,21.74,1.126,2015-05
2015-05-01 00:00:00+00:00,38.0,23.8,0.1417,2.0400434e+07,20.32,21.98,0.931,2015-05
2015-05-01 00:00:00+00:00,38.0,23.7,0.0621,2.0157786e+07,20.73,24.59,0.744,2015-05
2015-05-01 00:00:00+00:00,38.0,23.6,0.1236,2.2308494e+07,21.29,23.52,0.644,2015-05
2015-05-01 00:00:00+00:00,38.0,23.5,0.0849,2.251046e+07,21.39,24.48,0.588,2015-05
2015-05-01 00:00:00+00:00,38.1,23.9,0.2288,2.1518452e+07,20.07,20.91,1.309,2015-05
2015-05-01 00:00:00+00:00,38.1,23.8,0.1994,2.0914144e+07,19.23,20.39,1.101,2015-05
2015-05-01 00:00:00+00:00,38.1,23.7,0.1862,2.0677318e+07,19.24,20.3,0.901,2015-05
2015-05-01 00:00:00+00:00,38.1,23.6,0.1597,2.0653274e+07,19.98,21.24,0.763,2015-05
2015-05-01 00:00:00+00:00,38.1,23.5,0.1974,2.122537e+07,20.02,20.81,0.684,2015-05
2015-05-01 00:00:00+00:00,38.0,24.0,0.1455,2.1351018e+07,21.17,22.08,1.241,2015-05
2015-06-01 00:00:00+00:00,37.9,23.8,0.156,2.1534878e+07,23.1,24.51,1.056,2015-06
2015-06-01 00:00:00+00:00,37.9,23.9,0.1928,2.0931022e+07,22.8,24.2,1.243,2015-06
2015-06-01 00:00:00+00:00,37.8,24.0,0.1743,2.1810374e+07,23.01,24.43,0.89,2015-06
2015-06-01 00:00:00+00:00,37.9,23.5,0.091,2.428586e+07,24.19,27.1,0.817,2015-06
2015-06-01 00:00:00+00:00,38.1,24.0,0.2947,2.3310508e+07,22.99,23.25,2.314,2015-06
2015-06-01 00:00:00+00:00,38.0,23.9,0.1861,2.1212818e+07,22.84,23.89,1.752,2015-06
2015-06-01 00:00:00+00:00,38.1,23.6,0.1845,2.0733246e+07,22.05,23.48,1.452,2015-06
2015-06-01 00:00:00+00:00,38.1,23.7,0.2172,2.074916e+07,21.2,22.63,1.66,2015-06
2015-06-01 00:00:00+00:00,38.1,23.8,0.2355,2.1046818e+07,21.05,22.45,1.891,2015-06
2015-06-01 00:00:00+00:00,38.1,23.9,0.2768,2.1719542e+07,21.84,22.84,2.126,2015-06
2015-06-01 00:00:00+00:00,38.1,23.5,0.2127,2.1331422e+07,22.25,23.34,1.278,2015-06
2015-06-01 00:00:00+00:00,38.0,23.5,0.0865,2.2664972e+07,24.11,27.32,1.012,2015-06
2015-06-01 00:00:00+00:00,38.0,23.6,0.1227,2.2460194e+07,23.97,26.44,1.137,2015-06
2015-06-01 00:00:00+00:00,38.0,23.7,0.0745,2.0187246e+07,23.14,26.97,1.294,2015-06
2015-06-01 00:00:00+00:00,38.0,23.8,0.1714,2.0584756e+07,22.52,24.3,1.52,2015-06
2015-06-01 00:00:00+00:00,38.0,24.0,0.1814,2.1668536e+07,23.21,24.13,1.891,2015-06
2015-07-01 00:00:00+00:00,37.9,23.9,0.1378,2.2314488e+07,27.1,28.75,0.068,2015-07
2015-07-01 00:00:00+00:00,37.9,23.8,0.1113,2.3038974e+07,27.41,29.02,0.047,2015-07
2015-07-01 00:00:00+00:00,37.8,24.0,0.126,2.3072346e+07,27.27,28.75,0.033,2015-07
2015-07-01 00:00:00+00:00,37.9,23.5,0.0715,2.6418282e+07,28.43,31.83,0.02,2015-07
2015-07-01 00:00:00+00:00,38.0,23.9,0.1244,2.2775472e+07,27.3,28.69,0.109,2015-07
2015-07-01 00:00:00+00:00,38.0,24.0,0.119,2.3254866e+07,27.64,28.83,0.133,2015-07
2015-07-01 00:00:00+00:00,38.1,23.5,0.1521,2.3225972e+07,26.66,27.9,0.022,2015-07
2015-07-01 00:00:00+00:00,38.1,23.6,0.1278,2.2480922e+07,26.5,28.37,0.021,2015-07
2015-07-01 00:00:00+00:00,38.1,23.8,0.1649,2.2773332e+07,25.48,27.13,0.083,2015-07
2015-07-01 00:00:00+00:00,38.1,23.9,0.1956,2.3488266e+07,26.17,27.13,0.129,2015-07
2015-07-01 00:00:00+00:00,38.1,23.7,0.1592,2.2471894e+07,25.61,27.46,0.041,2015-07
2015-07-01 00:00:00+00:00,38.0,23.5,0.0563,2.4614812e+07,28.44,32.2,0.016,2015-07
2015-07-01 00:00:00+00:00,38.0,23.6,0.0737,2.4250982e+07,28.32,31.15,0.016,2015-07
2015-07-01 00:00:00+00:00,38.0,23.7,0.0335,2.1691286e+07,27.47,32.38,0.03,2015-07
2015-07-01 00:00:00+00:00,38.0,23.8,0.1146,2.2121892e+07,26.95,29.27,0.068,2015-07
2015-07-01 00:00:00+00:00,38.1,24.0,0.2056,2.5196568e+07,27.05,26.8,0.182,2015-07
2015-08-01 00:00:00+00:00,37.9,23.8,0.1084,1.9707942e+07,27.6,29.07,0.204,2015-08
2015-08-01 00:00:00+00:00,37.9,23.9,0.1269,1.9214956e+07,27.3,28.91,0.249,2015-08
2015-08-01 00:00:00+00:00,37.8,24.0,0.1265,2.0010016e+07,27.54,28.89,0.203,2015-08
2015-08-01 00:00:00+00:00,37.9,23.5,0.0712,2.2886676e+07,28.42,31.41,0.147,2015-08
2015-08-01 00:00:00+00:00,38.1,24.0,0.1588,2.1688196e+07,27.32,27.37,0.429,2015-08
2015-08-01 00:00:00+00:00,38.0,23.9,0.1131,1.962797e+07,27.32,28.82,0.348,2015-08
2015-08-01 00:00:00+00:00,38.1,23.5,0.1357,1.9970458e+07,26.56,27.81,0.311,2015-08
2015-08-01 00:00:00+00:00,38.1,23.6,0.1155,1.9348068e+07,26.42,28.17,0.35,2015-08
2015-08-01 00:00:00+00:00,38.1,23.7,0.1466,1.9385778e+07,25.69,27.62,0.377,2015-08
2015-08-01 00:00:00+00:00,38.1,23.8,0.1385,1.957525e+07,25.57,27.33,0.384,2015-08
2015-08-01 00:00:00+00:00,38.1,23.9,0.1478,2.0175516e+07,26.31,27.42,0.388,2015-08
2015-08-01 00:00:00+00:00,38.0,24.0,0.1067,1.9973718e+07,27.65,29.01,0.365,2015-08
2015-08-01 00:00:00+00:00,38.0,23.5,0.0549,2.1246524e+07,28.33,31.63,0.23,2015-08
2015-08-01 00:00:00+00:00,38.0,23.6,0.0706,2.094629e+07,28.32,30.96,0.261,2015-08
2015-08-01 00:00:00+00:00,38.0,23.7,0.0317,1.8752234e+07,27.52,31.84,0.291,2015-08
2015-08-01 00:00:00+00:00,38.0,23.8,0.1053,1.9161928e+07,27.0,29.23,0.32,2015-08
2015-09-01 00:00:00+00:00,37.8,24.0,0.1752,1.5326513e+07,24.41,25.43,1.761,2015-09
2015-09-01 00:00:00+00:00,37.9,23.9,0.1823,1.4672062e+07,24.18,25.25,2.106,2015-09
2015-09-01 00:00:00+00:00,37.9,23.5,0.1396,1.752111e+07,25.36,27.18,1.903,2015-09
2015-09-01 00:00:00+00:00,37.9,23.8,0.1708,1.518184e+07,24.47,25.52,1.967,2015-09
2015-09-01 00:00:00+00:00,38.0,23.9,0.1767,1.4974571e+07,24.1,25.16,2.5,2015-09
2015-09-01 00:00:00+00:00,38.1,23.6,0.1711,1.4632934e+07,23.5,24.54,1.936,2015-09
2015-09-01 00:00:00+00:00,38.1,23.7,0.1945,1.4593402e+07,22.81,24.08,2.106,2015-09
2015-09-01 00:00:00+00:00,38.1,23.8,0.1905,1.4818918e+07,22.7,23.92,2.41,2015-09
2015-09-01 00:00:00+00:00,38.1,23.9,0.202,1.5333781e+07,23.28,24.18,2.73,2015-09
2015-09-01 00:00:00+00:00,38.1,24.0,0.2147,1.6479548e+07,23.99,24.71,3.068,2015-09
2015-09-01 00:00:00+00:00,38.1,23.5,0.1853,1.5149213e+07,23.67,24.44,1.889,2015-09
2015-09-01 00:00:00+00:00,38.0,23.6,0.1458,1.6048135e+07,25.13,27.37,1.883,2015-09
2015-09-01 00:00:00+00:00,38.0,23.7,0.1102,1.4455616e+07,24.4,27.28,1.98,2015-09
2015-09-01 00:00:00+00:00,38.0,23.8,0.169,1.4682137e+07,23.92,25.4,2.232,2015-09
2015-09-01 00:00:00+00:00,38.0,23.5,0.1277,1.6224004e+07,25.18,27.35,1.865,2015-09
2015-09-01 00:00:00+00:00,38.0,24.0,0.1725,1.5201147e+07,24.33,25.38,2.659,2015-09
2016-04-01 00:00:00+00:00,37.8,24.0,0.1621,2.0048296e+07,17.85,18.62,0.027,2016-04
2016-04-01 00:00:00+00:00,37.9,23.9,0.1793,1.9366606e+07,17.84,18.72,0.065,2016-04
2016-04-01 00:00:00+00:00,37.9,23.8,0.152,2.0056668e+07,17.99,18.9,0.05,2016-04
2016-04-01 00:00:00+00:00,37.9,23.5,0.0946,2.2871174e+07,18.75,21.16,0.026,2016-04
2016-04-01 00:00:00+00:00,38.0,23.9,0.1631,1.9770682e+07,18.16,18.82,0.111,2016-04
2016-04-01 00:00:00+00:00,38.1,23.5,0.2152,2.011009e+07,17.43,17.9,0.048,2016-04
2016-04-01 00:00:00+00:00,38.1,23.6,0.1772,1.9557344e+07,17.33,18.19,0.054,2016-04
2016-04-01 00:00:00+00:00,38.1,23.7,0.1993,1.9593622e+07,16.67,17.55,0.072,2016-04
2016-04-01 00:00:00+00:00,38.1,23.8,0.2157,1.977287e+07,16.66,17.54,0.103,2016-04
2016-04-01 00:00:00+00:00,38.1,23.9,0.253,2.0320246e+07,17.44,17.88,0.137,2016-04
2016-04-01 00:00:00+00:00,38.0,24.0,0.1548,2.0131126e+07,18.54,19.12,0.128,2016-04
2016-04-01 00:00:00+00:00,38.0,23.5,0.0995,2.1325078e+07,18.77,21.26,0.038,2016-04
2016-04-01 00:00:00+00:00,38.0,23.6,0.1628,2.1127916e+07,18.6,20.14,0.043,2016-04
2016-04-01 00:00:00+00:00,38.0,23.7,0.0721,1.929733e+07,18.1,21.36,0.056,2016-04
2016-04-01 00:00:00+00:00,38.0,23.8,0.1555,1.9369442e+07,17.75,19.03,0.083,2016-04
2016-04-01 00:00:00+00:00,38.1,24.0,0.2617,2.1696822e+07,18.4,18.04,0.174,2016-04
2016-05-01 00:00:00+00:00,37.9,23.8,0.1357,2.071948e+07,19.93,21.53,0.695,2016-05
2016-05-01 00:00:00+00:00,37.9,23.9,0.1621,2.0052218e+07,19.8,21.32,0.697,2016-05
2016-05-01 00:00:00+00:00,37.9,23.5,0.0989,2.3641648e+07,20.59,23.43,0.811,2016-05
2016-05-01 00:00:00+00:00,37.8,24.0,0.1378,2.0771866e+07,19.94,21.45,0.357,2016-05
2016-05-01 00:00:00+00:00,38.0,24.0,0.1514,2.0803212e+07,20.45,21.6,1.07,2016-05
2016-05-01 00:00:00+00:00,38.0,23.8,0.1456,1.9922532e+07,19.58,21.51,0.955,2016-05
2016-05-01 00:00:00+00:00,38.0,23.7,0.0592,1.9712016e+07,20.0,24.13,0.896,2016-05
2016-05-01 00:00:00+00:00,38.0,23.6,0.1198,2.1849484e+07,20.61,23.16,0.907,2016-05
2016-05-01 00:00:00+00:00,38.0,23.5,0.0931,2.2076326e+07,20.64,23.74,0.959,2016-05
2016-05-01 00:00:00+00:00,38.1,24.0,0.2488,2.2408356e+07,20.38,20.35,1.34,2016-05
2016-05-01 00:00:00+00:00,38.1,23.9,0.2373,2.0957784e+07,19.19,20.02,1.251,2016-05
2016-05-01 00:00:00+00:00,38.1,23.8,0.2061,2.0407594e+07,18.35,19.71,1.159,2016-05
2016-05-01 00:00:00+00:00,38.1,23.7,0.1988,2.0214594e+07,18.41,19.87,1.078,2016-05
2016-05-01 00:00:00+00:00,38.1,23.6,0.1735,2.0225824e+07,19.04,20.41,1.083,2016-05
2016-05-01 00:00:00+00:00,38.1,23.5,0.2116,2.081947e+07,19.11,20.05,1.164,2016-05
2016-05-01 00:00:00+00:00,38.0,23.9,0.1568,2.040903e+07,20.02,21.26,1.023,2016-05
2016-06-01 00:00:00+00:00,37.9,23.8,0.118,2.2639906e+07,25.91,27.96,0.482,2016-06
2016-06-01 00:00:00+00:00,37.9,23.9,0.141,2.1949932e+07,25.83,27.87,0.525,2016-06
2016-06-01 00:00:00+00:00,37.8,24.0,0.1374,2.2730724e+07,25.81,27.61,0.446,2016-06
2016-06-01 00:00:00+00:00,37.9,23.5,0.0733,2.5782882e+07,26.66,30.46,0.243,2016-06
2016-06-01 00:00:00+00:00,38.1,24.0,0.1843,2.457353e+07,26.83,27.0,0.756,2016-06
2016-06-01 00:00:00+00:00,38.0,23.9,0.1245,2.2334736e+07,26.4,28.38,0.636,2016-06
2016-06-01 00:00:00+00:00,38.1,23.5,0.1526,2.2708898e+07,25.64,27.13,0.444,2016-06
2016-06-01 00:00:00+00:00,38.1,23.6,0.1299,2.2035864e+07,25.63,27.76,0.542,2016-06
2016-06-01 00:00:00+00:00,38.1,23.7,0.1609,2.2015086e+07,25.02,27.2,0.615,2016-06
2016-06-01 00:00:00+00:00,38.1,23.8,0.1568,2.2290272e+07,24.95,26.97,0.657,2016-06
2016-06-01 00:00:00+00:00,38.1,23.9,0.1757,2.2961558e+07,25.72,27.05,0.697,2016-06
2016-06-01 00:00:00+00:00,38.0,24.0,0.1184,2.2791682e+07,26.83,28.73,0.666,2016-06
2016-06-01 00:00:00+00:00,38.0,23.5,0.0591,2.4067366e+07,26.93,31.14,0.359,2016-06
2016-06-01 00:00:00+00:00,38.0,23.6,0.0787,2.3800638e+07,26.95,30.21,0.455,2016-06
2016-06-01 00:00:00+00:00,38.0,23.7,0.0382,2.134678e+07,26.28,31.56,0.535,2016-06
2016-06-01 00:00:00+00:00,38.0,23.8,0.1159,2.1719598e+07,25.92,28.64,0.587,2016-06
2016-07-01 00:00:00+00:00,37.8,24.0,0.1208,2.306276e+07,28.13,29.73,0.007,2016-07
2016-07-01 00:00:00+00:00,37.9,23.9,0.1194,2.2338328e+07,27.82,29.8,0.02,2016-07
2016-07-01 00:00:00+00:00,37.9,23.5,0.0687,2.6376832e+07,29.0,32.7,0.012,2016-07
2016-07-01 00:00:00+00:00,37.9,23.8,0.1036,2.3052912e+07,28.1,30.04,0.018,2016-07
2016-07-01 00:00:00+00:00,38.0,23.9,0.1034,2.2842348e+07,27.93,29.83,0.035,2016-07
2016-07-01 00:00:00+00:00,38.0,24.0,0.097,2.3330426e+07,28.29,30.03,0.037,2016-07
2016-07-01 00:00:00+00:00,38.1,23.6,0.1052,2.2531382e+07,27.05,29.36,0.048,2016-07
2016-07-01 00:00:00+00:00,38.1,23.7,0.1324,2.2542348e+07,26.18,28.66,0.05,2016-07
2016-07-01 00:00:00+00:00,38.1,23.8,0.1228,2.2859988e+07,26.07,28.22,0.047,2016-07
2016-07-01 00:00:00+00:00,38.1,23.9,0.1298,2.3592794e+07,26.86,28.14,0.043,2016-07
2016-07-01 00:00:00+00:00,38.1,23.5,0.124,2.3252778e+07,27.2,28.83,0.042,2016-07
2016-07-01 00:00:00+00:00,38.0,23.5,0.0501,2.461743e+07,29.01,33.2,0.02,2016-07
2016-07-01 00:00:00+00:00,38.0,23.6,0.0645,2.4276864e+07,28.99,32.36,0.025,2016-07
2016-07-01 00:00:00+00:00,38.0,23.7,0.0261,2.1732278e+07,28.08,33.59,0.029,2016-07
2016-07-01 00:00:00+00:00,38.0,23.8,0.0963,2.217601e+07,27.55,30.35,0.032,2016-07
2016-07-01 00:00:00+00:00,38.1,24.0,0.1411,2.5314072e+07,27.77,27.82,0.049,2016-07
2016-08-01 00:00:00+00:00,37.8,24.0,0.1183,1.9862444e+07,27.44,28.88,0.037,2016-08
2016-08-01 00:00:00+00:00,37.9,23.9,0.1183,1.9074656e+07,27.14,28.79,0.098,2016-08
2016-08-01 00:00:00+00:00,37.9,23.5,0.0699,2.2511896e+07,28.13,31.02,0.086,2016-08
2016-08-01 00:00:00+00:00,37.9,23.8,0.1048,1.952642e+07,27.38,28.87,0.093,2016-08
2016-08-01 00:00:00+00:00,38.0,23.9,0.1054,1.95063e+07,27.13,28.7,0.172,2016-08
2016-08-01 00:00:00+00:00,38.1,23.5,0.1268,1.9622782e+07,26.35,27.57,0.181,2016-08
2016-08-01 00:00:00+00:00,38.1,23.6,0.1084,1.907256e+07,26.2,27.97,0.207,2016-08
2016-08-01 00:00:00+00:00,38.1,23.7,0.1379,1.9170006e+07,25.43,27.42,0.222,2016-08
2016-08-01 00:00:00+00:00,38.1,23.8,0.1262,1.941593e+07,25.33,27.09,0.221,2016-08
2016-08-01 00:00:00+00:00,38.1,23.9,0.1279,2.0071374e+07,26.13,27.16,0.219,2016-08
2016-08-01 00:00:00+00:00,38.0,24.0,0.0983,1.9877312e+07,27.49,28.92,0.175,2016-08
2016-08-01 00:00:00+00:00,38.0,23.5,0.0521,2.0904168e+07,28.12,31.34,0.13,2016-08
2016-08-01 00:00:00+00:00,38.0,23.6,0.067,2.0661244e+07,28.13,30.76,0.151,2016-08
2016-08-01 00:00:00+00:00,38.0,23.7,0.0283,1.8543162e+07,27.28,31.69,0.165,2016-08
2016-08-01 00:00:00+00:00,38.0,23.8,0.0988,1.899654e+07,26.78,29.07,0.169,2016-08
2016-08-01 00:00:00+00:00,38.1,24.0,0.1389,2.1621668e+07,27.18,27.16,0.223,2016-08
2016-09-01 00:00:00+00:00,37.8,24.0,0.144,1.569803e+07,23.41,24.33,0.462,2016-09
2016-09-01 00:00:00+00:00,37.9,23.9,0.1575,1.4955145e+07,23.02,23.99,0.726,2016-09
2016-09-01 00:00:00+00:00,37.9,23.8,0.1319,1.5443011e+07,23.38,24.26,0.66,2016-09
2016-09-01 00:00:00+00:00,37.9,23.5,0.082,1.7598298e+07,24.4,26.33,0.422,2016-09
2016-09-01 00:00:00+00:00,38.0,23.9,0.1564,1.5215737e+07,22.65,23.43,1.039,2016-09
2016-09-01 00:00:00+00:00,38.1,23.5,0.1656,1.5174762e+07,22.1,22.74,0.633,2016-09
2016-09-01 00:00:00+00:00,38.1,23.6,0.1489,1.4706973e+07,21.78,22.6,0.821,2016-09
2016-09-01 00:00:00+00:00,38.1,23.7,0.1894,1.471558e+07,20.99,22.08,0.988,2016-09
2016-09-01 00:00:00+00:00,38.1,23.8,0.1888,1.4980543e+07,20.83,21.87,1.127,2016-09
2016-09-01 00:00:00+00:00,38.1,23.9,0.2022,1.554087e+07,21.56,22.28,1.263,2016-09
2016-09-01 00:00:00+00:00,38.0,24.0,0.1525,1.5464115e+07,22.92,23.66,1.109,2016-09
2016-09-01 00:00:00+00:00,38.0,23.5,0.0684,1.6291765e+07,24.01,26.1,0.535,2016-09
2016-09-01 00:00:00+00:00,38.0,23.6,0.0939,1.6172019e+07,23.86,25.74,0.681,2016-09
2016-09-01 00:00:00+00:00,38.0,23.7,0.0544,1.4623425e+07,23.0,25.57,0.813,2016-09
2016-09-01 00:00:00+00:00,38.0,23.8,0.1416,1.4885659e+07,22.44,23.69,0.927,2016-09
2016-09-01 00:00:00+00:00,38.1,24.0,0.2165,1.6740514e+07,22.58,23.04,1.371,2016-09
2017-04-01 00:00:00+00:00,37.9,23.9,0.1871,1.8149578e+07,15.4,16.15,0.533,2017-04
2017-04-01 00:00:00+00:00,37.9,23.8,0.1538,1.8857822e+07,15.69,16.52,0.538,2017-04
2017-04-01 00:00:00+00:00,37.8,24.0,0.1715,1.877235e+07,15.56,16.26,0.438,2017-04
2017-04-01 00:00:00+00:00,37.9,23.5,0.0939,2.1752402e+07,16.6,18.89,0.461,2017-04
2017-04-01 00:00:00+00:00,38.0,23.9,0.17,1.8499736e+07,15.43,15.99,0.615,2017-04
2017-04-01 00:00:00+00:00,38.1,23.5,0.2289,1.9106458e+07,14.83,15.19,0.6,2017-04
2017-04-01 00:00:00+00:00,38.1,23.6,0.1869,1.8511596e+07,14.63,15.32,0.634,2017-04
2017-04-01 00:00:00+00:00,38.1,23.7,0.2201,1.847518e+07,13.83,14.54,0.655,2017-04
2017-04-01 00:00:00+00:00,38.1,23.8,0.2324,1.8567646e+07,13.7,14.48,0.661,2017-04
2017-04-01 00:00:00+00:00,38.1,23.9,0.2655,1.9003508e+07,14.49,14.92,0.665,2017-04
2017-04-01 00:00:00+00:00,38.0,24.0,0.161,1.8798514e+07,15.81,16.33,0.62,2017-04
2017-04-01 00:00:00+00:00,38.0,23.5,0.097,2.024198e+07,16.53,18.91,0.533,2017-04
2017-04-01 00:00:00+00:00,38.0,23.6,0.1567,1.9985952e+07,16.37,18.02,0.572,2017-04
2017-04-01 00:00:00+00:00,38.0,23.7,0.0667,1.818943e+07,15.68,18.76,0.601,2017-04
2017-04-01 00:00:00+00:00,38.0,23.8,0.1611,1.81912e+07,15.1,16.24,0.609,2017-04
2017-04-01 00:00:00+00:00,38.1,24.0,0.2729,2.02132e+07,15.69,15.49,0.682,2017-04
2017-05-01 00:00:00+00:00,37.8,24.0,0.1584,2.015984e+07,20.25,21.51,0.994,2017-05
2017-05-01 00:00:00+00:00,37.9,23.9,0.1702,1.9401276e+07,20.16,21.53,1.173,2017-05
2017-05-01 00:00:00+00:00,37.9,23.5,0.107,2.2842336e+07,21.08,23.63,1.103,2017-05
2017-05-01 00:00:00+00:00,37.9,23.8,0.1502,2.002785e+07,20.32,21.7,1.13,2017-05
2017-05-01 00:00:00+00:00,38.0,23.9,0.1612,1.9705806e+07,20.42,21.6,1.4,2017-05
2017-05-01 00:00:00+00:00,38.1,23.5,0.1994,2.0074872e+07,19.62,20.45,1.331,2017-05
2017-05-01 00:00:00+00:00,38.1,23.6,0.1749,1.948644e+07,19.53,20.75,1.366,2017-05
2017-05-01 00:00:00+00:00,38.1,23.7,0.1989,1.9471636e+07,18.84,20.17,1.429,2017-05
2017-05-01 00:00:00+00:00,38.1,23.8,0.2004,1.9664308e+07,18.77,20.05,1.529,2017-05
2017-05-01 00:00:00+00:00,38.1,23.9,0.2253,2.020349e+07,19.55,20.35,1.632,2017-05
2017-05-01 00:00:00+00:00,38.0,24.0,0.1546,2.009275e+07,20.81,21.93,1.446,2017-05
2017-05-01 00:00:00+00:00,38.0,23.5,0.0994,2.1302666e+07,21.14,23.92,1.199,2017-05
2017-05-01 00:00:00+00:00,38.0,23.6,0.1321,2.107047e+07,21.14,23.39,1.22,2017-05
2017-05-01 00:00:00+00:00,38.0,23.7,0.0755,1.901261e+07,20.47,24.03,1.258,2017-05
2017-05-01 00:00:00+00:00,38.0,23.8,0.153,1.9223702e+07,20.02,21.76,1.327,2017-05
2017-05-01 00:00:00+00:00,38.1,24.0,0.2298,2.1615254e+07,20.69,20.74,1.632,2017-05
2017-06-01 00:00:00+00:00,37.9,23.8,0.1344,2.1458044e+07,25.05,26.84,0.661,2017-06
2017-06-01 00:00:00+00:00,37.9,23.9,0.1676,2.0811838e+07,24.97,26.7,0.676,2017-06
2017-06-01 00:00:00+00:00,37.9,23.5,0.0927,2.446939e+07,25.98,29.31,0.859,2017-06
2017-06-01 00:00:00+00:00,37.8,24.0,0.1581,2.1582522e+07,24.85,26.4,0.562,2017-06
2017-06-01 00:00:00+00:00,38.0,24.0,0.1427,2.1597806e+07,26.11,27.55,0.812,2017-06
2017-06-01 00:00:00+00:00,38.0,23.8,0.1364,2.058819e+07,25.1,27.46,0.753,2017-06
2017-06-01 00:00:00+00:00,38.1,23.5,0.2053,2.160082e+07,24.89,25.93,0.951,2017-06
2017-06-01 00:00:00+00:00,38.1,23.6,0.1588,2.0935468e+07,24.85,26.58,0.849,2017-06
2017-06-01 00:00:00+00:00,38.1,23.7,0.1896,2.089564e+07,24.17,25.88,0.815,2017-06
2017-06-01 00:00:00+00:00,38.1,23.8,0.1985,2.113944e+07,24.02,25.64,0.865,2017-06
2017-06-01 00:00:00+00:00,38.0,23.9,0.1484,2.11676e+07,25.6,27.17,0.789,2017-06
2017-06-01 00:00:00+00:00,38.1,24.0,0.2422,2.3271188e+07,26.27,26.08,0.908,2017-06
2017-06-01 00:00:00+00:00,38.0,23.5,0.077,2.2855724e+07,26.35,29.95,0.872,2017-06
2017-06-01 00:00:00+00:00,38.0,23.6,0.0973,2.258092e+07,26.33,28.98,0.777,2017-06
2017-06-01 00:00:00+00:00,38.0,23.7,0.044,2.0239246e+07,25.62,30.51,0.726,2017-06
2017-06-01 00:00:00+00:00,38.1,23.9,0.2332,2.175892e+07,24.85,25.86,0.924,2017-06
2017-07-01 00:00:00+00:00,37.9,23.9,0.1205,2.2038786e+07,27.91,29.89,0.153,2017-07
2017-07-01 00:00:00+00:00,37.9,23.8,0.1057,2.2765268e+07,28.12,30.04,0.151,2017-07
2017-07-01 00:00:00+00:00,37.8,24.0,0.1191,2.2801194e+07,28.15,29.77,0.057,2017-07
2017-07-01 00:00:00+00:00,37.9,23.5,0.0746,2.6164536e+07,28.83,32.52,0.287,2017-07
2017-07-01 00:00:00+00:00,38.0,23.9,0.108,2.2472836e+07,28.14,29.97,0.261,2017-07
2017-07-01 00:00:00+00:00,38.0,24.0,0.1016,2.2936688e+07,28.52,30.17,0.267,2017-07
2017-07-01 00:00:00+00:00,38.1,23.5,0.1422,2.2961892e+07,27.22,28.63,0.396,2017-07
2017-07-01 00:00:00+00:00,38.1,23.6,0.1169,2.2207676e+07,27.15,29.23,0.361,2017-07
2017-07-01 00:00:00+00:00,38.1,23.8,0.133,2.2461032e+07,26.33,28.32,0.356,2017-07
2017-07-01 00:00:00+00:00,38.1,23.9,0.1438,2.314808e+07,27.09,28.27,0.366,2017-07
2017-07-01 00:00:00+00:00,38.1,23.7,0.1431,2.2181502e+07,26.42,28.65,0.347,2017-07
2017-07-01 00:00:00+00:00,38.0,23.5,0.0566,2.4357642e+07,28.92,32.91,0.318,2017-07
2017-07-01 00:00:00+00:00,38.0,23.6,0.0703,2.397928e+07,28.92,32.03,0.278,2017-07
2017-07-01 00:00:00+00:00,38.0,23.7,0.0296,2.1432404e+07,28.13,33.32,0.253,2017-07
2017-07-01 00:00:00+00:00,38.0,23.8,0.1008,2.1842908e+07,27.71,30.39,0.256,2017-07
2017-07-01 00:00:00+00:00,38.1,24.0,0.1487,2.4829384e+07,28.12,27.92,0.34,2017-07
2017-08-01 00:00:00+00:00,37.9,23.8,0.1043,2.049589e+07,27.7,28.89,0.06,2017-08
2017-08-01 00:00:00+00:00,37.9,23.9,0.1207,1.9920402e+07,27.41,28.83,0.101,2017-08
2017-08-01 00:00:00+00:00,37.8,24.0,0.1235,2.0617306e+07,27.75,28.8,0.126,2017-08
2017-08-01 00:00:00+00:00,37.9,23.5,0.0687,2.4042342e+07,28.55,31.41,0.031,2017-08
2017-08-01 00:00:00+00:00,38.1,24.0,0.1417,2.2561618e+07,26.97,26.6,0.145,2017-08
2017-08-01 00:00:00+00:00,38.0,23.9,0.1049,2.041662e+07,27.28,28.64,0.106,2017-08
2017-08-01 00:00:00+00:00,38.1,23.5,0.1217,2.1016734e+07,26.55,27.67,0.023,2017-08
2017-08-01 00:00:00+00:00,38.1,23.6,0.1035,2.0330288e+07,26.4,28.07,0.02,2017-08
2017-08-01 00:00:00+00:00,38.1,23.7,0.1319,2.0330134e+07,25.57,27.5,0.039,2017-08
2017-08-01 00:00:00+00:00,38.1,23.8,0.1236,2.047398e+07,25.48,27.12,0.084,2017-08
2017-08-01 00:00:00+00:00,38.1,23.9,0.1309,2.1045306e+07,26.16,27.01,0.132,2017-08
2017-08-01 00:00:00+00:00,38.0,24.0,0.099,2.0746746e+07,27.56,28.69,0.129,2017-08
2017-08-01 00:00:00+00:00,38.0,23.5,0.0497,2.2321488e+07,28.39,31.43,0.021,2017-08
2017-08-01 00:00:00+00:00,38.0,23.6,0.064,2.1962554e+07,28.35,30.54,0.014,2017-08
2017-08-01 00:00:00+00:00,38.0,23.7,0.026,1.961663e+07,27.48,31.63,0.024,2017-08
2017-08-01 00:00:00+00:00,38.0,23.8,0.0968,1.9988524e+07,27.01,29.14,0.063,2017-08
2017-09-01 00:00:00+00:00,37.8,24.0,0.1201,1.656184e+07,23.89,25.24,0.092,2017-09
2017-09-01 00:00:00+00:00,37.9,23.9,0.1206,1.5966034e+07,23.86,25.31,0.189,2017-09
2017-09-01 00:00:00+00:00,37.9,23.5,0.074,1.9314668e+07,25.06,27.77,0.246,2017-09
2017-09-01 00:00:00+00:00,37.9,23.8,0.1066,1.6572714e+07,24.14,25.66,0.161,2017-09
2017-09-01 00:00:00+00:00,38.0,23.9,0.1089,1.6372274e+07,24.05,25.62,0.288,2017-09
2017-09-01 00:00:00+00:00,38.0,24.0,0.1035,1.6595452e+07,24.39,26.01,0.332,2017-09
2017-09-01 00:00:00+00:00,38.1,23.6,0.1045,1.6207199e+07,23.45,24.93,0.139,2017-09
2017-09-01 00:00:00+00:00,38.1,23.7,0.1323,1.6124268e+07,22.68,24.38,0.176,2017-09
2017-09-01 00:00:00+00:00,38.1,23.8,0.1246,1.6325016e+07,22.55,24.18,0.278,2017-09
2017-09-01 00:00:00+00:00,38.1,23.9,0.1312,1.6842678e+07,23.32,24.52,0.388,2017-09
2017-09-01 00:00:00+00:00,38.1,23.5,0.1221,1.6814432e+07,23.63,24.69,0.16,2017-09
2017-09-01 00:00:00+00:00,38.0,23.5,0.0534,1.7923188e+07,25.13,28.25,0.18,2017-09
2017-09-01 00:00:00+00:00,38.0,23.6,0.0675,1.7691972e+07,25.12,28.15,0.147,2017-09
2017-09-01 00:00:00+00:00,38.0,23.7,0.029,1.5900616e+07,24.28,28.3,0.148,2017-09
2017-09-01 00:00:00+00:00,38.0,23.8,0.1,1.6100603e+07,23.76,25.81,0.215,2017-09
2017-09-01 00:00:00+00:00,38.1,24.0,0.1449,1.8031216e+07,24.35,25.31,0.444,2017-09
2018-04-01 00:00:00+00:00,37.8,24.0,0.1465,1.9478674e+07,18.02,18.9,0.05,2018-04
2018-04-01 00:00:00+00:00,37.9,23.9,0.1565,1.8832008e+07,18.06,19.09,0.093,2018-04
2018-04-01 00:00:00+00:00,37.9,23.5,0.0799,2.2342682e+07,18.94,21.43,0.213,2018-04
2018-04-01 00:00:00+00:00,37.9,23.8,0.125,1.9519262e+07,18.27,19.45,0.122,2018-04
2018-04-01 00:00:00+00:00,38.0,23.9,0.139,1.9232152e+07,18.36,19.21,0.145,2018-04
2018-04-01 00:00:00+00:00,38.1,23.6,0.1554,1.9093248e+07,17.7,18.58,0.326,2018-04
2018-04-01 00:00:00+00:00,38.1,23.7,0.1886,1.9106102e+07,17.05,17.84,0.316,2018-04
2018-04-01 00:00:00+00:00,38.1,23.8,0.1953,1.9259006e+07,16.94,17.77,0.249,2018-04
2018-04-01 00:00:00+00:00,38.1,23.9,0.2259,1.976989e+07,17.57,17.97,0.174,2018-04
2018-04-01 00:00:00+00:00,38.1,24.0,0.2352,2.1091238e+07,18.49,18.15,0.11,2018-04
2018-04-01 00:00:00+00:00,38.1,23.5,0.1939,1.9657596e+07,17.69,18.08,0.287,2018-04
2018-04-01 00:00:00+00:00,38.0,23.6,0.1262,2.0612696e+07,18.98,20.68,0.27,2018-04
2018-04-01 00:00:00+00:00,38.0,23.5,0.0779,2.08289e+07,19.05,21.74,0.255,2018-04
2018-04-01 00:00:00+00:00,38.0,23.8,0.1313,1.8859616e+07,18.06,19.52,0.205,2018-04
2018-04-01 00:00:00+00:00,38.0,24.0,0.1312,1.9572446e+07,18.69,19.48,0.112,2018-04
2018-04-01 00:00:00+00:00,38.0,23.7,0.0453,1.8805526e+07,18.51,22.16,0.26,2018-04
2018-05-01 00:00:00+00:00,37.9,23.5,0.1039,2.3163186e+07,22.61,25.4,0.799,2018-05
2018-05-01 00:00:00+00:00,37.8,24.0,0.1501,2.0468742e+07,21.97,23.35,0.574,2018-05
2018-05-01 00:00:00+00:00,37.9,23.9,0.1752,1.9730102e+07,21.74,23.17,1.006,2018-05
2018-05-01 00:00:00+00:00,37.9,23.8,0.1475,2.0366742e+07,21.95,23.4,0.903,2018-05
2018-05-01 00:00:00+00:00,38.0,24.0,0.1733,2.0467744e+07,22.18,23.15,1.637,2018-05
2018-05-01 00:00:00+00:00,38.0,23.8,0.1665,1.9581022e+07,21.51,23.21,1.427,2018-05
2018-05-01 00:00:00+00:00,38.0,23.7,0.0841,1.9360158e+07,22.04,25.7,1.3,2018-05
2018-05-01 00:00:00+00:00,38.0,23.6,0.1356,2.144302e+07,22.69,24.88,1.197,2018-05
2018-05-01 00:00:00+00:00,38.0,23.5,0.1022,2.1648006e+07,22.69,25.62,1.103,2018-05
2018-05-01 00:00:00+00:00,38.1,24.0,0.2714,2.2041954e+07,21.97,21.97,2.044,2018-05
2018-05-01 00:00:00+00:00,38.1,23.9,0.2585,2.0602362e+07,20.9,21.76,1.932,2018-05
2018-05-01 00:00:00+00:00,38.1,23.8,0.226,2.005196e+07,20.19,21.48,1.798,2018-05
2018-05-01 00:00:00+00:00,38.1,23.7,0.2158,1.9852404e+07,20.32,21.63,1.663,2018-05
2018-05-01 00:00:00+00:00,38.1,23.6,0.1876,1.9850938e+07,21.01,22.29,1.53,2018-05
2018-05-01 00:00:00+00:00,38.1,23.5,0.2154,2.0417732e+07,21.08,22.04,1.404,2018-05
2018-05-01 00:00:00+00:00,38.0,23.9,0.178,2.007306e+07,21.82,22.9,1.555,2018-05
2018-06-01 00:00:00+00:00,37.9,23.9,0.1832,2.094586e+07,24.68,26.4,1.781,2018-06
2018-06-01 00:00:00+00:00,37.8,24.0,0.1436,2.1868838e+07,25.02,26.81,0.658,2018-06
2018-06-01 00:00:00+00:00,38.0,24.0,0.1885,2.1635014e+07,25.23,26.43,3.064,2018-06
2018-06-01 00:00:00+00:00,37.9,23.8,0.1644,2.1554104e+07,24.82,26.47,1.748,2018-06
2018-06-01 00:00:00+00:00,37.9,23.5,0.1149,2.4303298e+07,25.59,28.65,1.789,2018-06
2018-06-01 00:00:00+00:00,38.1,23.5,0.2093,2.1351174e+07,23.9,25.2,2.471,2018-06
2018-06-01 00:00:00+00:00,38.1,23.6,0.1936,2.0741964e+07,23.76,25.37,2.67,2018-06
2018-06-01 00:00:00+00:00,38.1,23.7,0.2211,2.0741744e+07,23.05,24.72,2.928,2018-06
2018-06-01 00:00:00+00:00,38.1,23.8,0.2292,2.1015268e+07,22.99,24.58,3.237,2018-06
2018-06-01 00:00:00+00:00,38.1,23.9,0.2574,2.1662006e+07,23.84,24.94,3.553,2018-06
2018-06-01 00:00:00+00:00,38.0,23.9,0.1932,2.1189686e+07,24.8,26.13,2.9,2018-06
2018-06-01 00:00:00+00:00,38.0,23.5,0.1164,2.2686648e+07,25.58,28.8,2.11,2018-06
2018-06-01 00:00:00+00:00,38.0,23.6,0.1509,2.2476904e+07,25.53,28.21,2.255,2018-06
2018-06-01 00:00:00+00:00,38.0,23.7,0.1112,2.019609e+07,24.77,28.51,2.425,2018-06
2018-06-01 00:00:00+00:00,38.0,23.8,0.1837,2.057778e+07,24.35,26.29,2.659,2018-06
2018-06-01 00:00:00+00:00,38.1,24.0,0.2683,2.3235002e+07,25.07,25.25,3.978,2018-06
2018-07-01 00:00:00+00:00,37.8,24.0,0.1329,2.156919e+07,27.88,30.1,0.366,2018-07
2018-07-01 00:00:00+00:00,37.9,23.9,0.1704,2.0727118e+07,27.42,29.45,0.966,2018-07
2018-07-01 00:00:00+00:00,37.9,23.5,0.0882,2.4527842e+07,28.62,32.19,0.632,2018-07
2018-07-01 00:00:00+00:00,37.9,23.8,0.1331,2.1388586e+07,27.63,29.7,0.784,2018-07
2018-07-01 00:00:00+00:00,38.0,23.9,0.1857,2.1040296e+07,27.47,28.73,1.673,2018-07
2018-07-01 00:00:00+00:00,38.1,23.5,0.2071,2.1476544e+07,26.92,28.22,1.071,2018-07
2018-07-01 00:00:00+00:00,38.1,23.6,0.1761,2.0750956e+07,26.73,28.41,1.138,2018-07
2018-07-01 00:00:00+00:00,38.1,23.7,0.2114,2.0713156e+07,25.88,27.55,1.355,2018-07
2018-07-01 00:00:00+00:00,38.1,23.8,0.2368,2.0969112e+07,25.67,27.24,1.747,2018-07
2018-07-01 00:00:00+00:00,38.1,23.9,0.2775,2.1605612e+07,26.46,27.53,2.159,2018-07
2018-07-01 00:00:00+00:00,38.0,24.0,0.1823,2.147677e+07,27.91,28.99,1.873,2018-07
2018-07-01 00:00:00+00:00,38.0,23.5,0.0821,2.2799982e+07,28.7,32.37,0.855,2018-07
2018-07-01 00:00:00+00:00,38.0,23.6,0.1119,2.2435702e+07,28.58,31.19,0.898,2018-07
2018-07-01 00:00:00+00:00,38.0,23.7,0.0589,2.0049646e+07,27.75,32.17,1.034,2018-07
2018-07-01 00:00:00+00:00,38.0,23.8,0.1647,2.0440992e+07,27.09,29.2,1.344,2018-07
2018-07-01 00:00:00+00:00,38.1,24.0,0.29,2.317432e+07,27.7,27.74,2.512,2018-07
2018-08-01 00:00:00+00:00,37.9,23.8,0.1147,1.958842e+07,27.12,28.39,0.23,2018-08
2018-08-01 00:00:00+00:00,37.9,23.9,0.1404,1.9096038e+07,26.76,28.22,0.266,2018-08
2018-08-01 00:00:00+00:00,37.9,23.5,0.0811,2.2744508e+07,27.91,30.51,0.377,2018-08
2018-08-01 00:00:00+00:00,37.8,24.0,0.1232,1.9881344e+07,27.29,28.68,0.098,2018-08
2018-08-01 00:00:00+00:00,38.0,24.0,0.135,1.984602e+07,26.66,27.64,0.512,2018-08
2018-08-01 00:00:00+00:00,38.0,23.8,0.1237,1.9035862e+07,26.14,28.03,0.409,2018-08
2018-08-01 00:00:00+00:00,38.1,23.5,0.1663,1.9803132e+07,25.53,26.53,0.489,2018-08
2018-08-01 00:00:00+00:00,38.1,23.6,0.1389,1.9198282e+07,25.37,26.85,0.479,2018-08
2018-08-01 00:00:00+00:00,38.1,23.7,0.1677,1.9246718e+07,24.59,26.27,0.5,2018-08
2018-08-01 00:00:00+00:00,38.1,23.8,0.1805,1.9439646e+07,24.38,25.76,0.551,2018-08
2018-08-01 00:00:00+00:00,38.0,23.9,0.1378,1.950105e+07,26.38,27.52,0.472,2018-08
2018-08-01 00:00:00+00:00,38.1,24.0,0.2419,2.1550086e+07,25.9,25.69,0.679,2018-08
2018-08-01 00:00:00+00:00,38.0,23.5,0.0651,2.1092964e+07,27.62,30.42,0.383,2018-08
2018-08-01 00:00:00+00:00,38.0,23.6,0.0819,2.0800988e+07,27.57,29.67,0.352,2018-08
2018-08-01 00:00:00+00:00,38.0,23.7,0.0377,1.8625744e+07,26.74,30.64,0.35,2018-08
2018-08-01 00:00:00+00:00,38.1,23.9,0.2235,2.0041252e+07,24.99,25.74,0.606,2018-08
2018-09-01 00:00:00+00:00,37.9,23.9,0.1464,1.4178448e+07,23.32,24.24,1.791,2018-09
2018-09-01 00:00:00+00:00,37.9,23.8,0.1277,1.467247e+07,23.71,24.55,2.027,2018-09
2018-09-01 00:00:00+00:00,37.8,24.0,0.1429,1.4812406e+07,23.67,24.56,1.356,2018-09
2018-09-01 00:00:00+00:00,37.9,23.5,0.0981,1.6935658e+07,24.51,26.14,3.272,2018-09
2018-09-01 00:00:00+00:00,38.0,23.9,0.1324,1.4463445e+07,23.05,23.92,2.042,2018-09
2018-09-01 00:00:00+00:00,38.0,24.0,0.1272,1.4684176e+07,23.32,24.17,1.934,2018-09
2018-09-01 00:00:00+00:00,38.1,23.5,0.1658,1.4603623e+07,22.31,22.71,3.197,2018-09
2018-09-01 00:00:00+00:00,38.1,23.6,0.1425,1.4116145e+07,22.15,22.95,2.934,2018-09
2018-09-01 00:00:00+00:00,38.1,23.8,0.1682,1.4310772e+07,21.26,22.19,2.493,2018-09
2018-09-01 00:00:00+00:00,38.1,23.9,0.1888,1.4815886e+07,21.91,22.45,2.289,2018-09
2018-09-01 00:00:00+00:00,38.1,23.7,0.1709,1.4083986e+07,21.42,22.44,2.699,2018-09
2018-09-01 00:00:00+00:00,38.0,23.5,0.0803,1.5657088e+07,24.25,26.2,3.068,2018-09
2018-09-01 00:00:00+00:00,38.0,23.6,0.0944,1.5491921e+07,24.24,26.09,2.753,2018-09
2018-09-01 00:00:00+00:00,38.0,23.7,0.0556,1.3952932e+07,23.45,26.29,2.469,2018-09
2018-09-01 00:00:00+00:00,38.0,23.8,0.1251,1.4176774e+07,22.85,24.16,2.253,2018-09
2018-09-01 00:00:00+00:00,38.1,24.0,0.1948,1.5919233e+07,22.9,22.99,2.048,2018-09
2019-04-01 00:00:00+00:00,37.9,23.9,0.3103,1.6705289e+07,14.29,14.62,2.388,2019-04
2019-04-01 00:00:00+00:00,37.9,23.8,0.302,1.727856e+07,14.51,14.65,2.239,2019-04
2019-04-01 00:00:00+00:00,37.8,24.0,0.2744,1.7490264e+07,14.63,14.97,1.926,2019-04
2019-04-01 00:00:00+00:00,37.9,23.5,0.2512,1.9558512e+07,15.06,16.04,2.072,2019-04
2019-04-01 00:00:00+00:00,38.0,24.0,0.3249,1.7189938e+07,14.34,14.32,3.099,2019-04
2019-04-01 00:00:00+00:00,38.0,23.8,0.3244,1.6536568e+07,13.79,14.23,2.688,2019-04
2019-04-01 00:00:00+00:00,38.1,23.5,0.3558,1.705842e+07,13.42,13.53,2.505,2019-04
2019-04-01 00:00:00+00:00,38.1,23.6,0.3362,1.6588241e+07,13.21,13.4,2.553,2019-04
2019-04-01 00:00:00+00:00,38.1,23.7,0.3459,1.661327e+07,12.51,12.89,2.718,2019-04
2019-04-01 00:00:00+00:00,38.1,23.8,0.3557,1.6753749e+07,12.45,13.0,3.02,2019-04
2019-04-01 00:00:00+00:00,38.0,23.9,0.3288,1.6884638e+07,14.05,14.14,2.944,2019-04
2019-04-01 00:00:00+00:00,38.1,24.0,0.3641,1.8398308e+07,14.15,14.23,3.595,2019-04
2019-04-01 00:00:00+00:00,38.0,23.5,0.2822,1.8175924e+07,14.91,15.86,2.296,2019-04
2019-04-01 00:00:00+00:00,38.0,23.6,0.3423,1.802273e+07,14.89,16.06,2.336,2019-04
2019-04-01 00:00:00+00:00,38.0,23.7,0.2889,1.6467816e+07,14.22,15.45,2.446,2019-04
2019-04-01 00:00:00+00:00,38.1,23.9,0.368,1.7204714e+07,13.18,13.62,3.338,2019-04
2019-05-01 00:00:00+00:00,37.8,24.0,0.1664,2.0061936e+07,19.16,20.06,0.289,2019-05
2019-05-01 00:00:00+00:00,37.9,23.9,0.1913,1.9410718e+07,19.1,20.02,0.366,2019-05
2019-05-01 00:00:00+00:00,37.9,23.8,0.1587,2.010973e+07,19.23,20.21,0.368,2019-05
2019-05-01 00:00:00+00:00,37.9,23.5,0.0928,2.315382e+07,19.69,22.39,0.286,2019-05
2019-05-01 00:00:00+00:00,38.0,23.9,0.1782,1.9762656e+07,19.41,20.05,0.469,2019-05
2019-05-01 00:00:00+00:00,38.0,24.0,0.1662,2.0112946e+07,19.87,20.45,0.456,2019-05
2019-05-01 00:00:00+00:00,38.1,23.6,0.2007,1.976127e+07,18.33,19.17,0.555,2019-05
2019-05-01 00:00:00+00:00,38.1,23.7,0.2307,1.9702224e+07,17.73,18.48,0.595,2019-05
2019-05-01 00:00:00+00:00,38.1,23.8,0.2447,1.9828292e+07,17.82,18.73,0.563,2019-05
2019-05-01 00:00:00+00:00,38.1,23.9,0.27,2.0298648e+07,18.77,19.44,0.523,2019-05
2019-05-01 00:00:00+00:00,38.1,23.5,0.248,2.0382188e+07,18.34,18.97,0.455,2019-05
2019-05-01 00:00:00+00:00,38.0,23.5,0.1079,2.15997e+07,19.73,22.53,0.394,2019-05
2019-05-01 00:00:00+00:00,38.0,23.6,0.1851,2.1331818e+07,19.67,21.45,0.472,2019-05
2019-05-01 00:00:00+00:00,38.0,23.7,0.0816,1.9199738e+07,19.24,22.34,0.514,2019-05
2019-05-01 00:00:00+00:00,38.0,23.8,0.1723,1.9348048e+07,18.91,20.11,0.495,2019-05
2019-05-01 00:00:00+00:00,38.1,24.0,0.2647,2.1647832e+07,20.01,20.03,0.501,2019-05
2019-06-01 00:00:00+00:00,37.9,23.9,0.1373,2.1819862e+07,25.58,27.35,0.336,2019-06
2019-06-01 00:00:00+00:00,37.8,24.0,0.1336,2.258449e+07,25.64,27.3,0.3,2019-06
2019-06-01 00:00:00+00:00,38.0,24.0,0.1093,2.2638398e+07,26.5,27.89,0.402,2019-06
2019-06-01 00:00:00+00:00,37.9,23.8,0.114,2.2528598e+07,25.81,27.69,0.324,2019-06
2019-06-01 00:00:00+00:00,37.9,23.5,0.0737,2.5746348e+07,26.62,30.3,0.218,2019-06
2019-06-01 00:00:00+00:00,38.1,23.5,0.1717,2.2647892e+07,25.04,26.25,0.466,2019-06
2019-06-01 00:00:00+00:00,38.1,23.6,0.1417,2.1956884e+07,25.03,26.74,0.572,2019-06
2019-06-01 00:00:00+00:00,38.1,23.7,0.1721,2.1916048e+07,24.21,25.79,0.6,2019-06
2019-06-01 00:00:00+00:00,38.1,23.8,0.1658,2.2167818e+07,24.16,25.77,0.531,2019-06
2019-06-01 00:00:00+00:00,38.1,23.9,0.181,2.2812686e+07,25.09,26.16,0.452,2019-06
2019-06-01 00:00:00+00:00,38.0,23.9,0.1184,2.2196398e+07,26.03,27.55,0.424,2019-06
2019-06-01 00:00:00+00:00,38.0,23.5,0.0628,2.4012424e+07,26.78,30.7,0.365,2019-06
2019-06-01 00:00:00+00:00,38.0,23.6,0.0848,2.3723362e+07,26.75,29.58,0.451,2019-06
2019-06-01 00:00:00+00:00,38.0,23.7,0.0391,2.1256306e+07,26.02,30.92,0.495,2019-06
2019-06-01 00:00:00+00:00,38.0,23.8,0.1141,2.1606268e+07,25.53,27.86,0.464,2019-06
2019-06-01 00:00:00+00:00,38.1,24.0,0.1763,2.4397144e+07,26.4,26.25,0.417,2019-06
2019-07-01 00:00:00+00:00,37.9,23.8,0.1054,2.203478e+07,27.22,29.17,0.094,2019-07
2019-07-01 00:00:00+00:00,37.9,23.9,0.1206,2.1391968e+07,26.92,28.91,0.112,2019-07
2019-07-01 00:00:00+00:00,37.9,23.5,0.0714,2.5066584e+07,28.07,31.62,0.134,2019-07
2019-07-01 00:00:00+00:00,37.8,24.0,0.1197,2.222357e+07,27.08,28.83,0.055,2019-07
2019-07-01 00:00:00+00:00,38.0,24.0,0.0996,2.2254926e+07,27.53,29.33,0.2,2019-07
2019-07-01 00:00:00+00:00,38.0,23.8,0.0993,2.1108722e+07,26.8,29.5,0.158,2019-07
2019-07-01 00:00:00+00:00,38.0,23.7,0.0294,2.0655422e+07,27.3,32.6,0.134,2019-07
2019-07-01 00:00:00+00:00,38.0,23.6,0.0693,2.3048294e+07,28.13,31.56,0.14,2019-07
2019-07-01 00:00:00+00:00,38.0,23.5,0.0544,2.3350222e+07,28.13,32.17,0.161,2019-07
2019-07-01 00:00:00+00:00,38.1,24.0,0.1458,2.4081222e+07,27.1,27.71,0.26,2019-07
2019-07-01 00:00:00+00:00,38.1,23.9,0.1414,2.2400406e+07,26.14,27.56,0.285,2019-07
2019-07-01 00:00:00+00:00,38.1,23.8,0.1322,2.1677714e+07,25.36,27.38,0.255,2019-07
2019-07-01 00:00:00+00:00,38.1,23.7,0.1411,2.1350346e+07,25.44,27.59,0.228,2019-07
2019-07-01 00:00:00+00:00,38.1,23.6,0.1145,2.1320506e+07,26.29,28.36,0.227,2019-07
2019-07-01 00:00:00+00:00,38.1,23.5,0.1368,2.1987788e+07,26.35,27.73,0.249,2019-07
2019-07-01 00:00:00+00:00,38.0,23.9,0.1062,2.1775188e+07,27.17,29.06,0.184,2019-07
2019-08-01 00:00:00+00:00,37.9,23.8,0.1041,2.0520176e+07,27.81,29.11,0.046,2019-08
2019-08-01 00:00:00+00:00,37.9,23.9,0.1178,1.9954032e+07,27.52,29.02,0.066,2019-08
2019-08-01 00:00:00+00:00,37.8,24.0,0.1191,2.064169e+07,27.87,29.07,0.05,2019-08
2019-08-01 00:00:00+00:00,37.9,23.5,0.0694,2.4052442e+07,28.52,31.42,0.046,2019-08
2019-08-01 00:00:00+00:00,38.0,24.0,0.0976,2.0808282e+07,27.62,28.81,0.11,2019-08
2019-08-01 00:00:00+00:00,38.0,23.8,0.0967,2.0030438e+07,27.14,29.32,0.061,2019-08
2019-08-01 00:00:00+00:00,38.1,23.5,0.1216,2.1043994e+07,26.68,27.85,0.035,2019-08
2019-08-01 00:00:00+00:00,38.1,23.6,0.1033,2.036391e+07,26.56,28.27,0.028,2019-08
2019-08-01 00:00:00+00:00,38.1,23.7,0.1303,2.0372994e+07,25.81,27.72,0.04,2019-08
2019-08-01 00:00:00+00:00,38.1,23.8,0.1208,2.0530644e+07,25.75,27.41,0.071,2019-08
2019-08-01 00:00:00+00:00,38.0,23.9,0.1039,2.0470604e+07,27.38,28.77,0.092,2019-08
2019-08-01 00:00:00+00:00,38.1,24.0,0.1384,2.2647334e+07,27.04,26.83,0.142,2019-08
2019-08-01 00:00:00+00:00,38.0,23.5,0.0509,2.2340942e+07,28.35,31.57,0.036,2019-08
2019-08-01 00:00:00+00:00,38.0,23.6,0.0655,2.1988076e+07,28.3,30.76,0.028,2019-08
2019-08-01 00:00:00+00:00,38.0,23.7,0.0271,1.9647064e+07,27.55,31.88,0.033,2019-08
2019-08-01 00:00:00+00:00,38.1,23.9,0.1262,2.1117572e+07,26.39,27.31,0.105,2019-08
2019-09-01 00:00:00+00:00,37.8,24.0,0.1262,1.6529464e+07,23.95,24.74,0.168,2019-09
2019-09-01 00:00:00+00:00,37.9,23.9,0.1264,1.5901765e+07,23.7,24.65,0.235,2019-09
2019-09-01 00:00:00+00:00,38.0,24.0,0.1112,1.6538667e+07,23.79,24.69,0.399,2019-09
2019-09-01 00:00:00+00:00,37.9,23.8,0.1085,1.6473535e+07,24.1,25.04,0.166,2019-09
2019-09-01 00:00:00+00:00,37.9,23.5,0.0708,1.9036048e+07,25.14,27.24,0.093,2019-09
2019-09-01 00:00:00+00:00,38.0,23.9,0.1154,1.6294773e+07,23.55,24.49,0.341,2019-09
2019-09-01 00:00:00+00:00,38.1,23.5,0.1246,1.6539052e+07,23.19,23.87,0.125,2019-09
2019-09-01 00:00:00+00:00,38.1,23.6,0.1068,1.5982117e+07,22.94,24.01,0.133,2019-09
2019-09-01 00:00:00+00:00,38.1,23.8,0.1322,1.6189927e+07,21.94,23.13,0.292,2019-09
2019-09-01 00:00:00+00:00,38.1,23.9,0.1429,1.675194e+07,22.61,23.35,0.404,2019-09
2019-09-01 00:00:00+00:00,38.1,23.7,0.1371,1.5945505e+07,22.1,23.42,0.187,2019-09
2019-09-01 00:00:00+00:00,38.0,23.5,0.053,1.766253e+07,24.91,27.37,0.104,2019-09
2019-09-01 00:00:00+00:00,38.0,23.6,0.0688,1.7476596e+07,24.82,27.11,0.109,2019-09
2019-09-01 00:00:00+00:00,38.0,23.7,0.0302,1.5750367e+07,23.96,27.23,0.146,2019-09
2019-09-01 00:00:00+00:00,38.0,23.8,0.1043,1.5986432e+07,23.38,24.88,0.24,2019-09
2019-09-01 00:00:00+00:00,38.1,24.0,0.1591,1.797727e+07,23.45,23.8,0.514,2019-09
2020-04-01 00:00:00+00:00,37.9,23.9,0.2838,1.6557058e+07,14.1,14.36,2.207,2020-04
2020-04-01 00:00:00+00:00,37.9,23.8,0.2715,1.7055506e+07,14.3,14.36,2.338,2020-04
2020-04-01 00:00:00+00:00,37.9,23.5,0.2358,1.9038254e+07,14.77,15.59,2.833,2020-04
2020-04-01 00:00:00+00:00,37.8,24.0,0.257,1.7359512e+07,14.5,14.73,1.762,2020-04
2020-04-01 00:00:00+00:00,38.0,24.0,0.2783,1.7025492e+07,14.24,14.24,2.472,2020-04
2020-04-01 00:00:00+00:00,38.0,23.8,0.2879,1.6302612e+07,13.61,13.95,2.714,2020-04
2020-04-01 00:00:00+00:00,38.1,23.5,0.3355,1.6592477e+07,13.18,13.18,3.14,2020-04
2020-04-01 00:00:00+00:00,38.1,23.6,0.3077,1.6172086e+07,13.01,13.11,3.216,2020-04
2020-04-01 00:00:00+00:00,38.1,23.7,0.3195,1.6254481e+07,12.35,12.64,3.18,2020-04
2020-04-01 00:00:00+00:00,38.1,23.8,0.3327,1.6456843e+07,12.28,12.8,3.074,2020-04
2020-04-01 00:00:00+00:00,38.0,23.9,0.2865,1.6699543e+07,13.91,14.0,2.555,2020-04
2020-04-01 00:00:00+00:00,38.1,24.0,0.3339,1.8221954e+07,14.1,13.96,2.639,2020-04
2020-04-01 00:00:00+00:00,38.0,23.5,0.2559,1.7707284e+07,14.66,15.4,2.967,2020-04
2020-04-01 00:00:00+00:00,38.0,23.6,0.3192,1.7594858e+07,14.64,15.29,2.989,2020-04
2020-04-01 00:00:00+00:00,38.0,23.7,0.251,1.6154922e+07,14.02,14.97,2.851,2020-04
2020-04-01 00:00:00+00:00,38.1,23.9,0.3455,1.6970256e+07,13.06,13.43,2.907,2020-04
2020-05-01 00:00:00+00:00,37.9,23.8,0.1305,2.1160166e+07,20.42,21.65,0.44,2020-05
2020-05-01 00:00:00+00:00,37.9,23.9,0.1588,2.0453858e+07,20.18,21.3,0.48,2020-05
2020-05-01 00:00:00+00:00,37.9,23.5,0.0925,2.4183338e+07,21.36,24.11,0.578,2020-05
2020-05-01 00:00:00+00:00,37.8,24.0,0.1419,2.1125732e+07,20.06,21.14,0.319,2020-05
2020-05-01 00:00:00+00:00,38.0,24.0,0.1373,2.1160122e+07,21.02,21.88,0.762,2020-05
2020-05-01 00:00:00+00:00,38.0,23.8,0.1374,2.035998e+07,20.29,21.8,0.646,2020-05
2020-05-01 00:00:00+00:00,38.0,23.7,0.0593,2.0163512e+07,20.7,24.4,0.603,2020-05
2020-05-01 00:00:00+00:00,38.0,23.6,0.1377,2.2341998e+07,21.29,23.27,0.647,2020-05
2020-05-01 00:00:00+00:00,38.0,23.5,0.0916,2.26109e+07,21.38,24.33,0.619,2020-05
2020-05-01 00:00:00+00:00,38.1,24.0,0.2337,2.2755764e+07,21.0,20.98,0.945,2020-05
2020-05-01 00:00:00+00:00,38.1,23.9,0.239,2.132562e+07,19.96,20.62,0.947,2020-05
2020-05-01 00:00:00+00:00,38.1,23.8,0.2089,2.0819194e+07,19.16,20.08,0.87,2020-05
2020-05-01 00:00:00+00:00,38.1,23.7,0.1936,2.0679522e+07,19.23,20.01,0.787,2020-05
2020-05-01 00:00:00+00:00,38.1,23.6,0.1699,2.0723908e+07,19.95,20.95,0.737,2020-05
2020-05-01 00:00:00+00:00,38.1,23.5,0.2114,2.1373086e+07,19.9,20.45,0.679,2020-05
2020-05-01 00:00:00+00:00,38.0,23.9,0.145,2.0798034e+07,20.65,21.56,0.715,2020-05
2020-06-01 00:00:00+00:00,37.9,23.8,0.1278,2.2394698e+07,23.74,25.57,0.496,2020-06
2020-06-01 00:00:00+00:00,37.9,23.9,0.1656,2.1652384e+07,23.49,25.26,0.71,2020-06
2020-06-01 00:00:00+00:00,37.9,23.5,0.0826,2.5671408e+07,24.57,27.99,0.389,2020-06
2020-06-01 00:00:00+00:00,37.8,24.0,0.14,2.2467892e+07,23.67,25.35,0.358,2020-06
2020-06-01 00:00:00+00:00,38.0,23.9,0.1787,2.1882096e+07,23.68,24.94,1.422,2020-06
2020-06-01 00:00:00+00:00,38.1,23.5,0.199,2.2423128e+07,22.86,24.08,0.733,2020-06
2020-06-01 00:00:00+00:00,38.1,23.6,0.1746,2.1684494e+07,22.78,24.36,0.949,2020-06
2020-06-01 00:00:00+00:00,38.1,23.7,0.2107,2.1597084e+07,22.0,23.54,1.195,2020-06
2020-06-01 00:00:00+00:00,38.1,23.8,0.2284,2.1781688e+07,21.87,23.39,1.485,2020-06
2020-06-01 00:00:00+00:00,38.1,23.9,0.2695,2.2353974e+07,22.73,23.78,1.903,2020-06
2020-06-01 00:00:00+00:00,38.0,24.0,0.1788,2.2272218e+07,24.08,25.17,1.667,2020-06
2020-06-01 00:00:00+00:00,38.0,23.5,0.0785,2.3850786e+07,24.58,28.21,0.6,2020-06
2020-06-01 00:00:00+00:00,38.0,23.6,0.1149,2.3512086e+07,24.5,27.1,0.768,2020-06
2020-06-01 00:00:00+00:00,38.0,23.7,0.0566,2.1046686e+07,23.8,28.3,0.795,2020-06
2020-06-01 00:00:00+00:00,38.0,23.8,0.1552,2.136368e+07,23.29,25.41,1.044,2020-06
2020-06-01 00:00:00+00:00,38.1,24.0,0.2771,2.3875994e+07,23.88,23.99,2.294,2020-06
2020-07-01 00:00:00+00:00,37.9,23.8,0.1063,2.2680108e+07,27.48,29.35,0.111,2020-07
2020-07-01 00:00:00+00:00,37.9,23.9,0.126,2.2011916e+07,27.14,29.02,0.136,2020-07
2020-07-01 00:00:00+00:00,37.8,24.0,0.1261,2.2804156e+07,27.37,29.01,0.148,2020-07
2020-07-01 00:00:00+00:00,37.9,23.5,0.0699,2.5785868e+07,28.28,31.85,0.053,2020-07
2020-07-01 00:00:00+00:00,38.0,24.0,0.1022,2.2926388e+07,27.53,28.96,0.123,2020-07
2020-07-01 00:00:00+00:00,38.0,23.9,0.1079,2.243502e+07,27.23,28.86,0.127,2020-07
2020-07-01 00:00:00+00:00,38.0,23.8,0.1006,2.1751244e+07,26.95,29.52,0.127,2020-07
2020-07-01 00:00:00+00:00,38.0,23.7,0.029,2.1272392e+07,27.46,32.72,0.111,2020-07
2020-07-01 00:00:00+00:00,38.0,23.6,0.0682,2.3729898e+07,28.25,31.5,0.094,2020-07
2020-07-01 00:00:00+00:00,38.0,23.5,0.0528,2.402629e+07,28.3,32.32,0.079,2020-07
2020-07-01 00:00:00+00:00,38.1,24.0,0.1715,2.4836448e+07,26.92,26.69,0.109,2020-07
2020-07-01 00:00:00+00:00,38.1,23.9,0.1633,2.3100844e+07,26.04,27.04,0.106,2020-07
2020-07-01 00:00:00+00:00,38.1,23.8,0.1378,2.2345078e+07,25.37,27.17,0.113,2020-07
2020-07-01 00:00:00+00:00,38.1,23.7,0.1413,2.199725e+07,25.53,27.58,0.137,2020-07
2020-07-01 00:00:00+00:00,38.1,23.6,0.1133,2.1949278e+07,26.4,28.44,0.128,2020-07
2020-07-01 00:00:00+00:00,38.1,23.5,0.1343,2.261642e+07,26.52,27.92,0.111,2020-07
2020-08-01 00:00:00+00:00,37.9,23.8,0.1067,2.0041024e+07,27.7,29.42,0.156,2020-08
2020-08-01 00:00:00+00:00,37.9,23.9,0.1254,1.953533e+07,27.35,29.13,0.222,2020-08
2020-08-01 00:00:00+00:00,37.8,24.0,0.1225,2.0235066e+07,27.56,29.12,0.139,2020-08
2020-08-01 00:00:00+00:00,37.9,23.5,0.0721,2.3254126e+07,28.68,31.74,0.191,2020-08
2020-08-01 00:00:00+00:00,38.0,24.0,0.1136,2.0367456e+07,27.57,29.03,0.51,2020-08
2020-08-01 00:00:00+00:00,38.0,23.9,0.1168,2.0017416e+07,27.33,28.92,0.427,2020-08
2020-08-01 00:00:00+00:00,38.1,23.6,0.1131,1.9714014e+07,26.61,28.51,0.276,2020-08
2020-08-01 00:00:00+00:00,38.1,23.7,0.1439,1.9781072e+07,25.75,27.85,0.33,2020-08
2020-08-01 00:00:00+00:00,38.1,23.8,0.1409,1.9991548e+07,25.56,27.38,0.424,2020-08
2020-08-01 00:00:00+00:00,38.1,23.9,0.1577,2.0622792e+07,26.19,27.32,0.567,2020-08
2020-08-01 00:00:00+00:00,38.1,23.5,0.1333,2.0315526e+07,26.77,28.11,0.256,2020-08
2020-08-01 00:00:00+00:00,38.0,23.5,0.0547,2.1607478e+07,28.59,32.18,0.22,2020-08
2020-08-01 00:00:00+00:00,38.0,23.6,0.0701,2.132277e+07,28.54,31.64,0.231,2020-08
2020-08-01 00:00:00+00:00,38.0,23.7,0.0304,1.91092e+07,27.67,32.5,0.221,2020-08
2020-08-01 00:00:00+00:00,38.0,23.8,0.1045,1.9544822e+07,27.12,29.55,0.299,2020-08
2020-08-01 00:00:00+00:00,38.1,24.0,0.1706,2.217033e+07,26.99,27.4,0.702,2020-08
2020-09-01 00:00:00+00:00,37.8,24.0,0.1444,1.6107278e+07,24.82,25.57,0.477,2020-09
2020-09-01 00:00:00+00:00,37.9,23.9,0.1424,1.5473436e+07,24.46,25.41,0.468,2020-09
2020-09-01 00:00:00+00:00,37.9,23.8,0.1301,1.6004612e+07,24.72,25.42,0.524,2020-09
2020-09-01 00:00:00+00:00,37.9,23.5,0.0988,1.8397552e+07,25.44,27.11,0.696,2020-09
2020-09-01 00:00:00+00:00,38.1,23.5,0.1576,1.5922848e+07,23.58,24.2,0.59,2020-09
2020-09-01 00:00:00+00:00,38.0,24.0,0.1198,1.6053038e+07,24.6,25.44,0.463,2020-09
2020-09-01 00:00:00+00:00,38.1,23.6,0.1334,1.5400405e+07,23.41,24.32,0.525,2020-09
2020-09-01 00:00:00+00:00,38.1,23.7,0.1583,1.5386948e+07,22.77,24.03,0.479,2020-09
2020-09-01 00:00:00+00:00,38.1,23.9,0.155,1.6208327e+07,23.46,24.19,0.461,2020-09
2020-09-01 00:00:00+00:00,38.1,24.0,0.1662,1.7425378e+07,24.27,24.34,0.469,2020-09
2020-09-01 00:00:00+00:00,38.1,23.8,0.149,1.5643866e+07,22.75,23.94,0.473,2020-09
2020-09-01 00:00:00+00:00,38.0,23.6,0.1012,1.6879704e+07,25.09,26.7,0.581,2020-09
2020-09-01 00:00:00+00:00,38.0,23.7,0.0506,1.5238144e+07,24.43,27.1,0.534,2020-09
2020-09-01 00:00:00+00:00,38.0,23.8,0.1213,1.5501086e+07,24.02,25.39,0.489,2020-09
2020-09-01 00:00:00+00:00,38.0,23.9,0.1273,1.5813606e+07,24.31,25.23,0.469,2020-09
2020-09-01 00:00:00+00:00,38.0,23.5,0.0824,1.7046794e+07,25.16,27.01,0.639,2020-09
2021-04-01 00:00:00+00:00,37.9,23.8,0.1581,1.785972e+07,15.09,15.81,0.639,2021-04
2021-04-01 00:00:00+00:00,37.9,23.9,0.1887,1.7254954e+07,14.9,15.72,0.662,2021-04
2021-04-01 00:00:00+00:00,37.8,24.0,0.1711,1.7925962e+07,15.25,15.9,0.521,2021-04
2021-04-01 00:00:00+00:00,37.9,23.5,0.1111,2.030822e+07,15.48,17.59,0.702,2021-04
2021-04-01 00:00:00+00:00,38.0,24.0,0.1757,1.7818488e+07,15.08,15.58,0.86,2021-04
2021-04-01 00:00:00+00:00,38.0,23.9,0.1823,1.7516762e+07,14.78,15.37,0.844,2021-04
2021-04-01 00:00:00+00:00,38.1,23.6,0.2131,1.7264196e+07,13.83,14.44,0.932,2021-04
2021-04-01 00:00:00+00:00,38.1,23.7,0.2376,1.7286206e+07,13.32,14.01,0.955,2021-04
2021-04-01 00:00:00+00:00,38.1,23.8,0.2537,1.7426956e+07,13.27,14.02,0.985,2021-04
2021-04-01 00:00:00+00:00,38.1,23.9,0.2883,1.789332e+07,13.94,14.32,1.007,2021-04
2021-04-01 00:00:00+00:00,38.1,23.5,0.2567,1.7771076e+07,13.91,14.28,0.901,2021-04
2021-04-01 00:00:00+00:00,38.0,23.5,0.1294,1.8899802e+07,15.3,17.37,0.797,2021-04
2021-04-01 00:00:00+00:00,38.0,23.6,0.2142,1.8712364e+07,15.19,16.52,0.815,2021-04
2021-04-01 00:00:00+00:00,38.0,23.7,0.0909,1.7101256e+07,14.8,17.4,0.802,2021-04
2021-04-01 00:00:00+00:00,38.0,23.8,0.173,1.717791e+07,14.47,15.55,0.822,2021-04
2021-04-01 00:00:00+00:00,38.1,24.0,0.2969,1.9124056e+07,14.87,14.37,0.984,2021-04
2021-05-01 00:00:00+00:00,37.8,24.0,0.1284,2.1800884e+07,21.07,22.55,0.063,2021-05
2021-05-01 00:00:00+00:00,37.9,23.9,0.1323,2.112766e+07,21.25,23.0,0.088,2021-05
2021-05-01 00:00:00+00:00,37.9,23.8,0.1098,2.1891986e+07,21.45,23.33,0.086,2021-05
2021-05-01 00:00:00+00:00,37.9,23.5,0.0717,2.5231668e+07,22.31,25.95,0.059,2021-05
2021-05-01 00:00:00+00:00,38.1,23.5,0.1643,2.2172994e+07,21.0,22.1,0.083,2021-05
2021-05-01 00:00:00+00:00,38.0,24.0,0.106,2.1852398e+07,22.17,23.89,0.133,2021-05
2021-05-01 00:00:00+00:00,38.1,23.6,0.1311,2.1464778e+07,21.1,22.81,0.118,2021-05
2021-05-01 00:00:00+00:00,38.1,23.7,0.1548,2.1387904e+07,20.47,22.15,0.144,2021-05
2021-05-01 00:00:00+00:00,38.1,23.9,0.1815,2.2026374e+07,21.15,22.21,0.218,2021-05
2021-05-01 00:00:00+00:00,38.1,24.0,0.1846,2.3502534e+07,22.05,22.19,0.163,2021-05
2021-05-01 00:00:00+00:00,38.1,23.8,0.1552,2.1516562e+07,20.42,22.05,0.206,2021-05
2021-05-01 00:00:00+00:00,38.0,23.6,0.0882,2.3193406e+07,22.44,25.4,0.104,2021-05
2021-05-01 00:00:00+00:00,38.0,23.7,0.0319,2.0873036e+07,21.82,26.96,0.111,2021-05
2021-05-01 00:00:00+00:00,38.0,23.8,0.1065,2.1048864e+07,21.45,23.87,0.116,2021-05
2021-05-01 00:00:00+00:00,38.0,23.9,0.1129,2.1485338e+07,21.83,23.55,0.126,2021-05
2021-05-01 00:00:00+00:00,38.0,23.5,0.0606,2.351592e+07,22.44,26.43,0.077,2021-05
2021-06-01 00:00:00+00:00,37.9,23.8,0.1397,2.2027734e+07,24.49,26.82,0.84,2021-06
2021-06-01 00:00:00+00:00,37.9,23.9,0.1651,2.1317178e+07,24.31,26.5,0.937,2021-06
2021-06-01 00:00:00+00:00,37.8,24.0,0.1543,2.2046608e+07,24.23,26.23,0.695,2021-06
2021-06-01 00:00:00+00:00,37.9,23.5,0.0885,2.5196318e+07,25.52,29.63,0.667,2021-06
2021-06-01 00:00:00+00:00,38.0,24.0,0.1567,2.2041002e+07,25.14,27.04,1.376,2021-06
2021-06-01 00:00:00+00:00,38.0,23.9,0.1616,2.164053e+07,24.76,26.74,1.3,2021-06
2021-06-01 00:00:00+00:00,38.0,23.8,0.149,2.110691e+07,24.43,27.19,1.182,2021-06
2021-06-01 00:00:00+00:00,38.0,23.7,0.0649,2.0774494e+07,24.98,30.31,1.08,2021-06
2021-06-01 00:00:00+00:00,38.0,23.6,0.1158,2.3186062e+07,25.81,29.43,1.035,2021-06
2021-06-01 00:00:00+00:00,38.0,23.5,0.0817,2.3499166e+07,25.87,30.31,0.863,2021-06
2021-06-01 00:00:00+00:00,38.1,24.0,0.2298,2.370543e+07,25.17,25.69,1.652,2021-06
2021-06-01 00:00:00+00:00,38.1,23.9,0.2226,2.2207524e+07,23.98,25.46,1.477,2021-06
2021-06-01 00:00:00+00:00,38.1,23.8,0.1986,2.1617686e+07,23.22,25.29,1.353,2021-06
2021-06-01 00:00:00+00:00,38.1,23.7,0.1942,2.1413572e+07,23.5,25.67,1.3,2021-06
2021-06-01 00:00:00+00:00,38.1,23.6,0.163,2.1479754e+07,24.28,26.46,1.149,2021-06
2021-06-01 00:00:00+00:00,38.1,23.5,0.1805,2.2190186e+07,24.45,26.21,0.939,2021-06
2021-07-01 00:00:00+00:00,37.9,23.8,0.1034,2.292596e+07,28.94,30.91,0.021,2021-07
2021-07-01 00:00:00+00:00,37.9,23.9,0.118,2.2172298e+07,28.65,30.72,0.041,2021-07
2021-07-01 00:00:00+00:00,37.8,24.0,0.1195,2.2876776e+07,28.71,30.39,0.038,2021-07
2021-07-01 00:00:00+00:00,37.9,23.5,0.0687,2.6388308e+07,29.86,33.62,0.012,2021-07
2021-07-01 00:00:00+00:00,38.0,24.0,0.097,2.3058736e+07,29.23,31.08,0.092,2021-07
2021-07-01 00:00:00+00:00,38.0,23.9,0.1031,2.2614578e+07,28.93,30.93,0.072,2021-07
2021-07-01 00:00:00+00:00,38.1,23.6,0.1041,2.2418596e+07,28.21,30.44,0.028,2021-07
2021-07-01 00:00:00+00:00,38.1,23.7,0.131,2.2381196e+07,27.37,29.79,0.043,2021-07
2021-07-01 00:00:00+00:00,38.1,23.8,0.1229,2.2636004e+07,27.21,29.38,0.083,2021-07
2021-07-01 00:00:00+00:00,38.1,23.9,0.1341,2.3302066e+07,27.92,29.25,0.119,2021-07
2021-07-01 00:00:00+00:00,38.1,23.5,0.1222,2.31901e+07,28.32,29.89,0.025,2021-07
2021-07-01 00:00:00+00:00,38.0,23.5,0.0502,2.457657e+07,29.95,34.13,0.014,2021-07
2021-07-01 00:00:00+00:00,38.0,23.6,0.0647,2.4183564e+07,29.93,33.19,0.016,2021-07
2021-07-01 00:00:00+00:00,38.0,23.7,0.0262,2.1609986e+07,29.08,34.52,0.018,2021-07
2021-07-01 00:00:00+00:00,38.0,23.8,0.096,2.2014096e+07,28.61,31.46,0.04,2021-07
2021-07-01 00:00:00+00:00,38.1,24.0,0.144,2.4957094e+07,28.77,28.84,0.126,2021-07
2021-08-01 00:00:00+00:00,37.9,23.9,0.1154,2.0017318e+07,28.57,30.47,0.006,2021-08
2021-08-01 00:00:00+00:00,37.9,23.8,0.103,2.0620894e+07,28.82,30.64,0.005,2021-08
2021-08-01 00:00:00+00:00,37.9,23.5,0.0672,2.424532e+07,29.9,33.4,0.004,2021-08
2021-08-01 00:00:00+00:00,37.8,24.0,0.1174,2.067412e+07,28.48,30.08,0.003,2021-08
2021-08-01 00:00:00+00:00,38.0,23.9,0.1016,2.0494322e+07,28.98,30.91,0.01,2021-08
2021-08-01 00:00:00+00:00,38.1,23.5,0.1192,2.1136082e+07,28.63,30.04,0.01,2021-08
2021-08-01 00:00:00+00:00,38.1,23.6,0.1019,2.0430478e+07,28.5,30.53,0.012,2021-08
2021-08-01 00:00:00+00:00,38.1,23.7,0.1288,2.0419542e+07,27.71,30.0,0.015,2021-08
2021-08-01 00:00:00+00:00,38.1,23.8,0.1179,2.0544572e+07,27.52,29.6,0.026,2021-08
2021-08-01 00:00:00+00:00,38.1,23.9,0.1203,2.1099182e+07,28.3,29.6,0.027,2021-08
2021-08-01 00:00:00+00:00,38.0,24.0,0.0947,2.080408e+07,29.3,31.15,0.012,2021-08
2021-08-01 00:00:00+00:00,38.0,23.5,0.0496,2.247665e+07,30.08,33.97,0.006,2021-08
2021-08-01 00:00:00+00:00,38.0,23.6,0.0638,2.2096268e+07,30.07,33.32,0.007,2021-08
2021-08-01 00:00:00+00:00,38.0,23.7,0.0258,1.9730214e+07,29.15,34.23,0.008,2021-08
2021-08-01 00:00:00+00:00,38.0,23.8,0.095,2.009565e+07,28.67,31.34,0.009,2021-08
2021-08-01 00:00:00+00:00,38.1,24.0,0.1317,2.260364e+07,29.19,29.5,0.015,2021-08
2021-09-01 00:00:00+00:00,37.9,23.8,0.1109,1.5715752e+07,23.7,24.73,0.258,2021-09
2021-09-01 00:00:00+00:00,37.9,23.9,0.1263,1.5234048e+07,23.37,24.49,0.237,2021-09
2021-09-01 00:00:00+00:00,37.8,24.0,0.1264,1.5928464e+07,23.7,24.64,0.166,2021-09
2021-09-01 00:00:00+00:00,37.9,23.5,0.0767,1.786778e+07,24.61,26.67,0.31,2021-09
2021-09-01 00:00:00+00:00,38.0,24.0,0.1048,1.579964e+07,23.56,24.62,0.293,2021-09
2021-09-01 00:00:00+00:00,38.0,23.9,0.112,1.5539672e+07,23.24,24.35,0.3,2021-09
2021-09-01 00:00:00+00:00,38.0,23.8,0.1057,1.5188194e+07,22.97,24.58,0.317,2021-09
2021-09-01 00:00:00+00:00,38.0,23.7,0.0345,1.4889112e+07,23.54,26.76,0.335,2021-09
2021-09-01 00:00:00+00:00,38.0,23.6,0.0762,1.6443346e+07,24.38,26.51,0.349,2021-09
2021-09-01 00:00:00+00:00,38.0,23.5,0.0597,1.6553637e+07,24.44,26.77,0.338,2021-09
2021-09-01 00:00:00+00:00,38.1,24.0,0.1482,1.7144924e+07,23.31,23.52,0.33,2021-09
2021-09-01 00:00:00+00:00,38.1,23.9,0.1417,1.5900344e+07,22.24,23.05,0.397,2021-09
2021-09-01 00:00:00+00:00,38.1,23.8,0.1391,1.5297002e+07,21.52,22.78,0.412,2021-09
2021-09-01 00:00:00+00:00,38.1,23.7,0.1513,1.4993134e+07,21.65,22.99,0.438,2021-09
2021-09-01 00:00:00+00:00,38.1,23.6,0.1221,1.4960414e+07,22.42,23.5,0.439,2021-09
2021-09-01 00:00:00+00:00,38.1,23.5,0.1432,1.5419492e+07,22.66,23.41,0.423,2021-09
2022-04-01 00:00:00+00:00,37.9,23.8,0.1585,1.9243768e+07,15.9,16.62,0.463,2022-04
2022-04-01 00:00:00+00:00,37.9,23.9,0.1851,1.855482e+07,15.71,16.61,0.484,2022-04
2022-04-01 00:00:00+00:00,37.8,24.0,0.1687,1.913728e+07,15.98,16.7,0.443,2022-04
2022-04-01 00:00:00+00:00,37.9,23.5,0.1247,2.202309e+07,16.35,18.32,0.666,2022-04
2022-04-01 00:00:00+00:00,38.0,24.0,0.1719,1.9272706e+07,16.05,16.43,0.584,2022-04
2022-04-01 00:00:00+00:00,38.0,23.9,0.1791,1.8955684e+07,15.7,16.25,0.562,2022-04
2022-04-01 00:00:00+00:00,38.0,23.8,0.1707,1.8614446e+07,15.36,16.48,0.527,2022-04
2022-04-01 00:00:00+00:00,38.0,23.7,0.0925,1.8563372e+07,15.74,18.42,0.509,2022-04
2022-04-01 00:00:00+00:00,38.0,23.6,0.2147,2.0342166e+07,16.15,16.81,0.565,2022-04
2022-04-01 00:00:00+00:00,38.0,23.5,0.1369,2.0557734e+07,16.22,18.07,0.634,2022-04
2022-04-01 00:00:00+00:00,38.1,24.0,0.2837,2.076468e+07,15.87,15.14,0.649,2022-04
2022-04-01 00:00:00+00:00,38.1,23.9,0.2794,1.9486584e+07,14.86,15.26,0.632,2022-04
2022-04-01 00:00:00+00:00,38.1,23.8,0.2476,1.9002354e+07,14.11,14.91,0.594,2022-04
2022-04-01 00:00:00+00:00,38.1,23.7,0.2313,1.8872094e+07,14.15,14.83,0.565,2022-04
2022-04-01 00:00:00+00:00,38.1,23.6,0.2092,1.886448e+07,14.72,15.35,0.592,2022-04
2022-04-01 00:00:00+00:00,38.1,23.5,0.2567,1.942573e+07,14.75,15.12,0.656,2022-04
2022-05-01 00:00:00+00:00,37.9,23.8,0.1179,2.146108e+07,20.47,22.19,0.352,2022-05
2022-05-01 00:00:00+00:00,37.9,23.9,0.1445,2.076009e+07,20.27,21.86,0.4,2022-05
2022-05-01 00:00:00+00:00,37.8,24.0,0.1409,2.1433318e+07,20.18,21.53,0.371,2022-05
2022-05-01 00:00:00+00:00,37.9,23.5,0.0826,2.451637e+07,21.49,24.62,0.392,2022-05
2022-05-01 00:00:00+00:00,38.0,24.0,0.1206,2.15539e+07,21.13,22.53,0.513,2022-05
2022-05-01 00:00:00+00:00,38.0,23.9,0.1257,2.115519e+07,20.74,22.24,0.483,2022-05
2022-05-01 00:00:00+00:00,38.1,23.6,0.1453,2.0978236e+07,20.04,21.59,0.437,2022-05
2022-05-01 00:00:00+00:00,38.1,23.7,0.1701,2.0969182e+07,19.28,20.78,0.453,2022-05
2022-05-01 00:00:00+00:00,38.1,23.8,0.177,2.1167176e+07,19.14,20.59,0.504,2022-05
2022-05-01 00:00:00+00:00,38.1,23.9,0.2091,2.1736894e+07,19.93,20.83,0.555,2022-05
2022-05-01 00:00:00+00:00,38.1,23.5,0.1865,2.1593356e+07,20.08,20.94,0.439,2022-05
2022-05-01 00:00:00+00:00,38.0,23.5,0.0737,2.2896668e+07,21.64,25.1,0.41,2022-05
2022-05-01 00:00:00+00:00,38.0,23.6,0.1036,2.2657352e+07,21.57,24.18,0.4,2022-05
2022-05-01 00:00:00+00:00,38.0,23.7,0.0415,2.0437008e+07,20.84,25.55,0.389,2022-05
2022-05-01 00:00:00+00:00,38.0,23.8,0.1172,2.0663554e+07,20.36,22.6,0.433,2022-05
2022-05-01 00:00:00+00:00,38.1,24.0,0.2147,2.3237398e+07,21.04,21.0,0.583,2022-05
2022-06-01 00:00:00+00:00,37.9,23.9,0.1297,2.210731e+07,25.74,27.74,0.299,2022-06
2022-06-01 00:00:00+00:00,37.9,23.8,0.1079,2.2758978e+07,26.02,28.13,0.198,2022-06
2022-06-01 00:00:00+00:00,37.9,23.5,0.0715,2.5730948e+07,27.08,30.66,0.161,2022-06
2022-06-01 00:00:00+00:00,37.8,24.0,0.1293,2.2857468e+07,25.75,27.45,0.251,2022-06
2022-06-01 00:00:00+00:00,38.0,23.9,0.1174,2.2545852e+07,26.02,27.78,0.475,2022-06
2022-06-01 00:00:00+00:00,38.1,23.5,0.1377,2.2672304e+07,25.43,26.87,0.287,2022-06
2022-06-01 00:00:00+00:00,38.1,23.6,0.116,2.2077688e+07,25.35,27.43,0.297,2022-06
2022-06-01 00:00:00+00:00,38.1,23.7,0.1459,2.2125826e+07,24.51,26.65,0.353,2022-06
2022-06-01 00:00:00+00:00,38.1,23.8,0.1413,2.2469048e+07,24.35,26.3,0.414,2022-06
2022-06-01 00:00:00+00:00,38.1,23.9,0.1635,2.3211064e+07,25.07,26.27,0.572,2022-06
2022-06-01 00:00:00+00:00,38.0,24.0,0.1145,2.3033674e+07,26.33,27.9,0.565,2022-06
2022-06-01 00:00:00+00:00,38.0,23.5,0.0546,2.4056288e+07,27.17,31.25,0.202,2022-06
2022-06-01 00:00:00+00:00,38.0,23.6,0.0706,2.3861368e+07,27.12,30.5,0.21,2022-06
2022-06-01 00:00:00+00:00,38.0,23.7,0.0302,2.144352e+07,26.24,31.67,0.221,2022-06
2022-06-01 00:00:00+00:00,38.0,23.8,0.1051,2.1877244e+07,25.73,28.43,0.328,2022-06
2022-06-01 00:00:00+00:00,38.1,24.0,0.1781,2.489517e+07,26.03,25.89,0.737,2022-06
2022-07-01 00:00:00+00:00,37.9,23.8,0.1181,2.3050854e+07,27.48,28.96,0.463,2022-07
2022-07-01 00:00:00+00:00,37.9,23.9,0.1387,2.22842e+07,27.16,28.84,0.51,2022-07
2022-07-01 00:00:00+00:00,37.8,24.0,0.1316,2.3008644e+07,27.47,28.87,0.321,2022-07
2022-07-01 00:00:00+00:00,37.9,23.5,0.0829,2.659353e+07,28.36,31.41,0.508,2022-07
2022-07-01 00:00:00+00:00,38.0,24.0,0.1257,2.3150672e+07,27.32,28.52,0.835,2022-07
2022-07-01 00:00:00+00:00,38.0,23.9,0.1311,2.2707166e+07,27.06,28.46,0.785,2022-07
2022-07-01 00:00:00+00:00,38.1,23.6,0.1357,2.2503218e+07,26.28,27.92,0.758,2022-07
2022-07-01 00:00:00+00:00,38.1,23.7,0.166,2.2456734e+07,25.47,27.29,0.835,2022-07
2022-07-01 00:00:00+00:00,38.1,23.8,0.1602,2.2709586e+07,25.29,26.93,0.894,2022-07
2022-07-01 00:00:00+00:00,38.1,23.9,0.1726,2.337476e+07,25.9,26.86,0.974,2022-07
2022-07-01 00:00:00+00:00,38.1,23.5,0.1568,2.328963e+07,26.49,27.65,0.654,2022-07
2022-07-01 00:00:00+00:00,38.0,23.5,0.0681,2.4725004e+07,28.28,31.53,0.603,2022-07
2022-07-01 00:00:00+00:00,38.0,23.6,0.0886,2.431537e+07,28.15,30.47,0.676,2022-07
2022-07-01 00:00:00+00:00,38.0,23.7,0.0433,2.1710864e+07,27.37,31.69,0.659,2022-07
2022-07-01 00:00:00+00:00,38.0,23.8,0.121,2.2108792e+07,26.83,29.03,0.711,2022-07
2022-07-01 00:00:00+00:00,38.1,24.0,0.1832,2.5041874e+07,26.69,26.45,1.044,2022-07
2022-08-01 00:00:00+00:00,37.9,23.9,0.1593,1.8698602e+07,26.87,28.51,1.7,2022-08
2022-08-01 00:00:00+00:00,37.9,23.8,0.1487,1.9179402e+07,27.2,28.72,1.653,2022-08
2022-08-01 00:00:00+00:00,37.9,23.5,0.1142,2.220232e+07,28.21,30.8,1.618,2022-08
2022-08-01 00:00:00+00:00,37.8,24.0,0.1574,1.9429272e+07,27.04,28.55,1.579,2022-08
2022-08-01 00:00:00+00:00,38.0,23.9,0.1491,1.9091684e+07,26.95,28.51,1.857,2022-08
2022-08-01 00:00:00+00:00,38.1,23.5,0.1697,1.9339004e+07,26.42,27.65,1.624,2022-08
2022-08-01 00:00:00+00:00,38.1,23.6,0.1543,1.876507e+07,26.22,27.86,1.772,2022-08
2022-08-01 00:00:00+00:00,38.1,23.7,0.1776,1.8828266e+07,25.39,27.29,1.86,2022-08
2022-08-01 00:00:00+00:00,38.1,23.8,0.1714,1.9018212e+07,25.21,26.98,1.902,2022-08
2022-08-01 00:00:00+00:00,38.1,23.9,0.1803,1.9609706e+07,25.98,27.21,1.934,2022-08
2022-08-01 00:00:00+00:00,38.0,24.0,0.1429,1.9420814e+07,27.28,28.74,1.878,2022-08
2022-08-01 00:00:00+00:00,38.0,23.5,0.1022,2.060101e+07,28.17,31.05,1.676,2022-08
2022-08-01 00:00:00+00:00,38.0,23.6,0.1245,2.0329212e+07,28.14,30.76,1.783,2022-08
2022-08-01 00:00:00+00:00,38.0,23.7,0.0811,1.8226694e+07,27.25,31.15,1.78,2022-08
2022-08-01 00:00:00+00:00,38.0,23.8,0.1436,1.8644284e+07,26.67,28.82,1.822,2022-08
2022-08-01 00:00:00+00:00,38.1,24.0,0.1905,2.1085916e+07,27.04,27.57,1.986,2022-08
2022-09-01 00:00:00+00:00,37.9,23.9,0.1563,9.24491e+06,23.46,24.44,0.084,2022-09
2022-09-01 00:00:00+00:00,37.9,23.8,0.1297,9.597372e+06,23.77,24.62,0.082,2022-09
2022-09-01 00:00:00+00:00,37.9,23.5,0.0843,1.1138004e+07,24.65,26.66,0.151,2022-09
2022-09-01 00:00:00+00:00,37.8,24.0,0.1568,9.586254e+06,23.73,24.54,0.08,2022-09
2022-09-01 00:00:00+00:00,38.0,23.9,0.1353,9.454952e+06,23.37,24.33,0.088,2022-09
2022-09-01 00:00:00+00:00,38.1,23.5,0.169,9.655202e+06,22.77,23.35,0.083,2022-09
2022-09-01 00:00:00+00:00,38.1,23.6,0.1435,9.314156e+06,22.58,23.47,0.094,2022-09
2022-09-01 00:00:00+00:00,38.1,23.7,0.1748,9.277538e+06,21.88,22.97,0.097,2022-09
2022-09-01 00:00:00+00:00,38.1,23.8,0.1789,9.395518e+06,21.75,22.84,0.109,2022-09
2022-09-01 00:00:00+00:00,38.1,23.9,0.2034,9.696222e+06,22.4,23.19,0.107,2022-09
2022-09-01 00:00:00+00:00,38.0,24.0,0.127,9.577584e+06,23.68,24.61,0.087,2022-09
2022-09-01 00:00:00+00:00,38.0,23.5,0.0734,1.0319188e+07,24.46,26.68,0.116,2022-09
2022-09-01 00:00:00+00:00,38.0,23.6,0.1108,1.0193706e+07,24.28,25.98,0.116,2022-09
2022-09-01 00:00:00+00:00,38.0,23.7,0.0457,9.180332e+06,23.67,26.56,0.09,2022-09
2022-09-01 00:00:00+00:00,38.0,23.8,0.1282,9.3043e+06,23.11,24.5,0.089,2022-09
2022-09-01 00:00:00+00:00,38.1,24.0,0.2093,1.03881e+07,23.26,23.65,0.088,2022-09
2023-04-01 00:00:00+00:00,37.9,23.8,0.1484,1.0414232e+07,15.09,16.12,0.284,2023-04
2023-04-01 00:00:00+00:00,37.9,23.9,0.194,1.0060836e+07,14.81,15.74,0.376,2023-04
2023-04-01 00:00:00+00:00,37.9,23.5,0.0956,1.178575e+07,15.94,18.06,0.245,2023-04
2023-04-01 00:00:00+00:00,37.8,24.0,0.163,1.0505892e+07,15.16,16.01,0.241,2023-04
2023-04-01 00:00:00+00:00,38.0,24.0,0.2237,1.031434e+07,14.95,15.42,0.798,2023-04
2023-04-01 00:00:00+00:00,38.0,23.8,0.182,9.961512e+06,14.34,15.55,0.497,2023-04
2023-04-01 00:00:00+00:00,38.0,23.7,0.071,9.920044e+06,14.98,17.98,0.385,2023-04
2023-04-01 00:00:00+00:00,38.0,23.6,0.1915,1.084092e+07,15.53,17.12,0.375,2023-04
2023-04-01 00:00:00+00:00,38.0,23.5,0.1101,1.0952358e+07,15.71,17.97,0.315,2023-04
2023-04-01 00:00:00+00:00,38.1,24.0,0.3393,1.1017678e+07,14.75,14.89,1.078,2023-04
2023-04-01 00:00:00+00:00,38.1,23.9,0.3216,1.0317302e+07,13.66,14.22,0.931,2023-04
2023-04-01 00:00:00+00:00,38.1,23.8,0.2772,1.0061744e+07,12.9,13.75,0.726,2023-04
2023-04-01 00:00:00+00:00,38.1,23.7,0.2492,9.996386e+06,13.04,13.88,0.564,2023-04
2023-04-01 00:00:00+00:00,38.1,23.6,0.2068,9.990356e+06,13.74,14.55,0.458,2023-04
2023-04-01 00:00:00+00:00,38.1,23.5,0.2468,1.0292068e+07,13.9,14.53,0.382,2023-04
2023-04-01 00:00:00+00:00,38.0,23.9,0.218,1.0147936e+07,14.61,15.17,0.679,2023-04
2023-05-01 00:00:00+00:00,37.9,23.8,0.1595,1.1126436e+07,18.71,20.14,0.591,2023-05
2023-05-01 00:00:00+00:00,37.9,23.9,0.1971,1.0863266e+07,18.51,19.85,0.608,2023-05
2023-05-01 00:00:00+00:00,37.8,24.0,0.1728,1.134565e+07,18.84,20.11,0.401,2023-05
2023-05-01 00:00:00+00:00,37.9,23.5,0.1246,1.226505e+07,19.29,21.53,0.74,2023-05
2023-05-01 00:00:00+00:00,38.1,24.0,0.3213,1.219303e+07,18.45,18.65,0.957,2023-05
2023-05-01 00:00:00+00:00,38.0,23.9,0.196,1.103305e+07,18.4,19.46,0.835,2023-05
2023-05-01 00:00:00+00:00,38.0,23.8,0.1818,1.0670626e+07,18.14,19.77,0.851,2023-05
2023-05-01 00:00:00+00:00,38.0,23.7,0.0862,1.045148e+07,18.68,22.09,0.846,2023-05
2023-05-01 00:00:00+00:00,38.0,23.6,0.1774,1.1481058e+07,19.18,21.11,0.891,2023-05
2023-05-01 00:00:00+00:00,38.0,23.5,0.1269,1.1476448e+07,19.27,21.7,0.845,2023-05
2023-05-01 00:00:00+00:00,38.1,23.9,0.3067,1.130007e+07,17.52,18.3,0.959,2023-05
2023-05-01 00:00:00+00:00,38.1,23.8,0.2683,1.0892176e+07,16.9,18.03,0.983,2023-05
2023-05-01 00:00:00+00:00,38.1,23.7,0.2464,1.0675984e+07,17.06,18.22,1.009,2023-05
2023-05-01 00:00:00+00:00,38.1,23.6,0.2139,1.0568498e+07,17.62,18.75,0.98,2023-05
2023-05-01 00:00:00+00:00,38.1,23.5,0.251,1.0753834e+07,17.75,18.63,0.898,2023-05
2023-05-01 00:00:00+00:00,38.0,24.0,0.1907,1.1299944e+07,18.71,19.7,0.826,2023-05
2023-06-01 00:00:00+00:00,37.9,23.8,0.143,1.282263e+07,24.07,26.16,0.501,2023-06
2023-06-01 00:00:00+00:00,37.9,23.9,0.175,1.2439844e+07,23.84,25.84,0.551,2023-06
2023-06-01 00:00:00+00:00,37.8,24.0,0.151,1.2894366e+07,24.09,26.1,0.386,2023-06
2023-06-01 00:00:00+00:00,37.9,23.5,0.0902,1.4521891e+07,25.1,28.5,0.383,2023-06
2023-06-01 00:00:00+00:00,38.0,24.0,0.1614,1.2896514e+07,24.21,25.65,0.86,2023-06
2023-06-01 00:00:00+00:00,38.0,23.9,0.1699,1.2635638e+07,23.86,25.41,0.803,2023-06
2023-06-01 00:00:00+00:00,38.1,23.6,0.192,1.2386868e+07,23.08,24.68,0.753,2023-06
2023-06-01 00:00:00+00:00,38.1,23.7,0.2234,1.2396584e+07,22.37,23.98,0.837,2023-06
2023-06-01 00:00:00+00:00,38.1,23.8,0.2351,1.25695e+07,22.19,23.7,0.867,2023-06
2023-06-01 00:00:00+00:00,38.1,23.9,0.2689,1.2963734e+07,22.85,23.83,0.961,2023-06
2023-06-01 00:00:00+00:00,38.1,23.5,0.2197,1.2740264e+07,23.25,24.56,0.651,2023-06
2023-06-01 00:00:00+00:00,38.0,23.5,0.0912,1.3544692e+07,25.07,28.62,0.528,2023-06
2023-06-01 00:00:00+00:00,38.0,23.6,0.1311,1.341798e+07,24.91,27.45,0.619,2023-06
2023-06-01 00:00:00+00:00,38.0,23.7,0.0739,1.2051722e+07,24.2,28.66,0.657,2023-06
2023-06-01 00:00:00+00:00,38.0,23.8,0.1624,1.2279778e+07,23.57,25.81,0.717,2023-06
2023-06-01 00:00:00+00:00,38.1,24.0,0.2787,1.3895031e+07,23.8,23.91,1.059,2023-06
2023-07-01 00:00:00+00:00,37.8,24.0,0.1183,1.3478522e+07,29.44,31.5,0.006,2023-07
2023-07-01 00:00:00+00:00,37.9,23.9,0.1189,1.3071868e+07,29.54,31.87,0.008,2023-07
2023-07-01 00:00:00+00:00,37.9,23.8,0.1033,1.3506024e+07,29.8,32.25,0.004,2023-07
2023-07-01 00:00:00+00:00,37.9,23.5,0.0684,1.5539574e+07,30.87,35.13,0.003,2023-07
2023-07-01 00:00:00+00:00,38.1,23.5,0.1316,1.366009e+07,29.6,31.23,0.012,2023-07
2023-07-01 00:00:00+00:00,38.1,23.6,0.1105,1.3214566e+07,29.5,31.87,0.01,2023-07
2023-07-01 00:00:00+00:00,38.1,23.7,0.1361,1.3203002e+07,28.7,31.11,0.011,2023-07
2023-07-01 00:00:00+00:00,38.1,23.8,0.1309,1.3370968e+07,28.45,30.56,0.011,2023-07
2023-07-01 00:00:00+00:00,38.1,23.9,0.1517,1.3782729e+07,29.1,30.27,0.018,2023-07
2023-07-01 00:00:00+00:00,38.1,24.0,0.1616,1.477293e+07,29.87,29.68,0.025,2023-07
2023-07-01 00:00:00+00:00,38.0,24.0,0.0983,1.36276e+07,30.37,32.33,0.018,2023-07
2023-07-01 00:00:00+00:00,38.0,23.6,0.0651,1.4251346e+07,31.07,34.81,0.003,2023-07
2023-07-01 00:00:00+00:00,38.0,23.7,0.026,1.2735496e+07,30.22,36.31,0.004,2023-07
2023-07-01 00:00:00+00:00,38.0,23.8,0.0968,1.2984626e+07,29.73,32.82,0.008,2023-07
2023-07-01 00:00:00+00:00,38.0,23.9,0.104,1.335498e+07,30.05,32.19,0.014,2023-07
2023-07-01 00:00:00+00:00,38.0,23.5,0.0504,1.4475937e+07,31.13,35.83,0.005,2023-07
2023-08-01 00:00:00+00:00,37.9,23.8,0.1062,1.131741e+07,28.01,29.51,0.123,2023-08
2023-08-01 00:00:00+00:00,37.9,23.9,0.121,1.102652e+07,27.81,29.51,0.139,2023-08
2023-08-01 00:00:00+00:00,37.8,24.0,0.1233,1.1473196e+07,28.02,29.39,0.135,2023-08
2023-08-01 00:00:00+00:00,38.0,24.0,0.0995,1.1431562e+07,28.18,29.78,0.158,2023-08
2023-08-01 00:00:00+00:00,38.0,23.7,0.0283,1.0741264e+07,28.01,32.46,0.131,2023-08
2023-08-01 00:00:00+00:00,38.0,23.9,0.1062,1.1240286e+07,27.86,29.58,0.154,2023-08
2023-08-01 00:00:00+00:00,38.0,23.8,0.0992,1.0980788e+07,27.53,29.93,0.146,2023-08
2023-08-01 00:00:00+00:00,38.0,23.6,0.0671,1.199666e+07,28.75,31.33,0.114,2023-08
2023-08-01 00:00:00+00:00,38.0,23.5,0.0517,1.2175882e+07,28.79,32.17,0.087,2023-08
2023-08-01 00:00:00+00:00,38.1,24.0,0.1413,1.2398466e+07,27.78,27.93,0.168,2023-08
2023-08-01 00:00:00+00:00,38.1,23.9,0.1291,1.1530826e+07,26.98,28.19,0.156,2023-08
2023-08-01 00:00:00+00:00,38.1,23.8,0.1245,1.118468e+07,26.28,28.19,0.15,2023-08
2023-08-01 00:00:00+00:00,38.1,23.7,0.1351,1.1074882e+07,26.39,28.49,0.143,2023-08
2023-08-01 00:00:00+00:00,38.1,23.6,0.1062,1.1051074e+07,27.04,28.95,0.123,2023-08
2023-08-01 00:00:00+00:00,38.1,23.5,0.1237,1.1408082e+07,27.19,28.58,0.093,2023-08
2023-08-01 00:00:00+00:00,37.9,23.5,0.0692,1.3158504e+07,28.8,31.92,0.06,2023-08
2023-09-01 00:00:00+00:00,37.9,23.8,0.1372,8.785693e+06,24.07,24.91,0.388,2023-09
2023-09-01 00:00:00+00:00,37.9,23.9,0.1569,8.540573e+06,23.87,24.77,0.384,2023-09
2023-09-01 00:00:00+00:00,37.8,24.0,0.1514,8.979993e+06,24.28,25.05,0.291,2023-09
2023-09-01 00:00:00+00:00,37.9,23.5,0.1166,9.872485e+06,24.45,25.99,0.663,2023-09
2023-09-01 00:00:00+00:00,38.0,24.0,0.1438,8.825197e+06,23.86,24.57,0.592,2023-09
2023-09-01 00:00:00+00:00,38.0,23.9,0.1479,8.673523e+06,23.6,24.41,0.552,2023-09
2023-09-01 00:00:00+00:00,38.1,23.6,0.1683,8.273441e+06,22.64,23.45,0.778,2023-09
2023-09-01 00:00:00+00:00,38.1,23.7,0.1921,8.3048225e+06,22.14,23.09,0.732,2023-09
2023-09-01 00:00:00+00:00,38.1,23.8,0.1866,8.487103e+06,22.08,22.99,0.723,2023-09
2023-09-01 00:00:00+00:00,38.1,23.9,0.2086,8.837823e+06,22.62,23.2,0.789,2023-09
2023-09-01 00:00:00+00:00,38.1,23.5,0.2002,8.514911e+06,22.74,23.21,0.883,2023-09
2023-09-01 00:00:00+00:00,38.0,23.5,0.1035,9.150793e+06,24.28,26.02,0.659,2023-09
2023-09-01 00:00:00+00:00,38.0,23.6,0.1196,9.106899e+06,24.25,25.88,0.561,2023-09
2023-09-01 00:00:00+00:00,38.0,23.7,0.0664,8.271461e+06,23.76,26.36,0.493,2023-09
2023-09-01 00:00:00+00:00,38.0,23.8,0.1384,8.460939e+06,23.36,24.64,0.5,2023-09
2023-09-01 00:00:00+00:00,38.1,24.0,0.2162,9.551549e+06,23.39,23.49,0.735,2023-09
2024-04-01 00:00:00+00:00,37.8,24.0,0.1593,1.8945536e+07,18.39,19.2,0.519,2024-04
2024-04-01 00:00:00+00:00,37.9,23.9,0.1719,1.828434e+07,18.21,19.13,0.602,2024-04
2024-04-01 00:00:00+00:00,37.9,23.8,0.1432,1.895543e+07,18.47,19.39,0.585,2024-04
2024-04-01 00:00:00+00:00,37.9,23.5,0.1046,2.1667022e+07,19.15,21.14,0.688,2024-04
2024-04-01 00:00:00+00:00,38.1,23.5,0.2095,1.900142e+07,17.51,17.83,0.893,2024-04
2024-04-01 00:00:00+00:00,38.0,24.0,0.1565,1.8899082e+07,18.47,18.96,0.721,2024-04
2024-04-01 00:00:00+00:00,38.1,23.6,0.1722,1.8437936e+07,17.42,18.11,0.805,2024-04
2024-04-01 00:00:00+00:00,38.1,23.7,0.1957,1.8438318e+07,16.76,17.56,0.768,2024-04
2024-04-01 00:00:00+00:00,38.1,23.9,0.2466,1.9028558e+07,17.22,17.57,0.81,2024-04
2024-04-01 00:00:00+00:00,38.1,24.0,0.2594,2.0295822e+07,18.14,17.75,0.796,2024-04
2024-04-01 00:00:00+00:00,38.1,23.8,0.2104,1.8558076e+07,16.58,17.35,0.788,2024-04
2024-04-01 00:00:00+00:00,38.0,23.6,0.1345,1.9944938e+07,19.03,20.34,0.684,2024-04
2024-04-01 00:00:00+00:00,38.0,23.7,0.062,1.8206704e+07,18.5,21.54,0.67,2024-04
2024-04-01 00:00:00+00:00,38.0,23.8,0.1479,1.8260802e+07,17.92,19.19,0.685,2024-04
2024-04-01 00:00:00+00:00,38.0,23.9,0.1609,1.8593228e+07,18.17,18.79,0.706,2024-04
2024-04-01 00:00:00+00:00,38.0,23.5,0.0997,2.0168382e+07,19.11,21.11,0.757,2024-04
2024-05-01 00:00:00+00:00,37.9,23.8,0.115,1.9994514e+07,20.03,22.08,0.281,2024-05
2024-05-01 00:00:00+00:00,37.9,23.9,0.1437,1.942272e+07,19.81,21.67,0.336,2024-05
2024-05-01 00:00:00+00:00,37.8,24.0,0.1405,2.0145828e+07,19.81,21.44,0.317,2024-05
2024-05-01 00:00:00+00:00,37.9,23.5,0.0763,2.2525214e+07,20.69,24.01,0.244,2024-05
2024-05-01 00:00:00+00:00,38.0,24.0,0.1221,2.0158638e+07,20.3,22.21,0.452,2024-05
2024-05-01 00:00:00+00:00,38.0,23.9,0.1253,1.975569e+07,20.04,21.93,0.414,2024-05
2024-05-01 00:00:00+00:00,38.0,23.8,0.1137,1.9235158e+07,19.81,22.39,0.351,2024-05
2024-05-01 00:00:00+00:00,38.0,23.7,0.0333,1.8950954e+07,20.32,25.46,0.297,2024-05
2024-05-01 00:00:00+00:00,38.0,23.6,0.0796,2.0924792e+07,20.92,24.43,0.285,2024-05
2024-05-01 00:00:00+00:00,38.0,23.5,0.0611,2.1088568e+07,20.87,24.79,0.28,2024-05
2024-05-01 00:00:00+00:00,38.1,24.0,0.2162,2.1720094e+07,20.03,20.76,0.524,2024-05
2024-05-01 00:00:00+00:00,38.1,23.9,0.2003,2.0261384e+07,19.25,20.53,0.464,2024-05
2024-05-01 00:00:00+00:00,38.1,23.8,0.165,1.9670496e+07,18.71,20.52,0.399,2024-05
2024-05-01 00:00:00+00:00,38.1,23.7,0.16,1.9428392e+07,18.94,20.92,0.357,2024-05
2024-05-01 00:00:00+00:00,38.1,23.6,0.1322,1.938089e+07,19.51,21.5,0.33,2024-05
2024-05-01 00:00:00+00:00,38.1,23.5,0.1663,1.989997e+07,19.49,20.84,0.325,2024-05
2024-06-01 00:00:00+00:00,37.9,23.8,0.1033,2.3645232e+07,28.24,30.41,0.013,2024-06
2024-06-01 00:00:00+00:00,37.9,23.9,0.1168,2.2863792e+07,28.07,30.21,0.013,2024-06
2024-06-01 00:00:00+00:00,37.8,24.0,0.1183,2.3507056e+07,27.87,29.61,0.008,2024-06
2024-06-01 00:00:00+00:00,37.9,23.5,0.0689,2.7166528e+07,29.12,33.13,0.015,2024-06
2024-06-01 00:00:00+00:00,38.0,24.0,0.0953,2.3781814e+07,28.87,30.89,0.017,2024-06
2024-06-01 00:00:00+00:00,38.0,23.9,0.1021,2.3344806e+07,28.59,30.76,0.018,2024-06
2024-06-01 00:00:00+00:00,38.1,23.6,0.1041,2.325755e+07,28.11,30.62,0.034,2024-06
2024-06-01 00:00:00+00:00,38.1,23.7,0.1309,2.318783e+07,27.49,30.06,0.032,2024-06
2024-06-01 00:00:00+00:00,38.1,23.8,0.1197,2.3413678e+07,27.3,29.61,0.021,2024-06
2024-06-01 00:00:00+00:00,38.1,23.9,0.1253,2.405472e+07,27.93,29.34,0.019,2024-06
2024-06-01 00:00:00+00:00,38.1,23.5,0.1229,2.401548e+07,28.08,29.86,0.037,2024-06
2024-06-01 00:00:00+00:00,38.0,23.5,0.05,2.5392408e+07,29.44,33.96,0.021,2024-06
2024-06-01 00:00:00+00:00,38.0,23.6,0.064,2.5058e+07,29.51,33.07,0.019,2024-06
2024-06-01 00:00:00+00:00,38.0,23.7,0.0256,2.2427856e+07,28.75,34.64,0.019,2024-06
2024-06-01 00:00:00+00:00,38.0,23.8,0.0954,2.2771434e+07,28.3,31.37,0.019,2024-06
2024-06-01 00:00:00+00:00,38.1,24.0,0.1356,2.567876e+07,28.56,28.65,0.019,2024-06
2024-07-01 00:00:00+00:00,37.8,24.0,0.1341,2.2687588e+07,29.54,31.02,0.396,2024-07
2024-07-01 00:00:00+00:00,37.9,23.9,0.1354,2.1989404e+07,29.39,31.26,0.477,2024-07
2024-07-01 00:00:00+00:00,37.9,23.8,0.1107,2.2728736e+07,29.65,31.41,0.32,2024-07
2024-07-01 00:00:00+00:00,37.9,23.5,0.0756,2.614163e+07,30.57,34.0,0.329,2024-07
2024-07-01 00:00:00+00:00,38.0,23.9,0.1263,2.2432988e+07,29.36,31.08,0.754,2024-07
2024-07-01 00:00:00+00:00,38.1,23.5,0.1395,2.2992946e+07,28.82,30.35,0.425,2024-07
2024-07-01 00:00:00+00:00,38.1,23.6,0.1187,2.222755e+07,28.67,30.8,0.456,2024-07
2024-07-01 00:00:00+00:00,38.1,23.7,0.1522,2.2192928e+07,27.97,30.2,0.548,2024-07
2024-07-01 00:00:00+00:00,38.1,23.8,0.1498,2.2450026e+07,27.73,29.73,0.715,2024-07
2024-07-01 00:00:00+00:00,38.1,23.9,0.1645,2.3116968e+07,28.26,29.44,0.944,2024-07
2024-07-01 00:00:00+00:00,38.0,24.0,0.1234,2.2877108e+07,29.62,31.08,0.886,2024-07
2024-07-01 00:00:00+00:00,38.0,23.5,0.0572,2.4357238e+07,30.56,34.29,0.372,2024-07
2024-07-01 00:00:00+00:00,38.0,23.6,0.0726,2.3968418e+07,30.51,33.29,0.385,2024-07
2024-07-01 00:00:00+00:00,38.0,23.7,0.032,2.1423058e+07,29.72,34.74,0.378,2024-07
2024-07-01 00:00:00+00:00,38.0,23.8,0.112,2.1830862e+07,29.14,31.77,0.539,2024-07
2024-07-01 00:00:00+00:00,38.1,24.0,0.1793,2.4765434e+07,29.03,28.64,1.149,2024-07
2024-08-01 00:00:00+00:00,37.9,23.8,0.1102,1.969828e+07,28.9,30.73,0.48,2024-08
2024-08-01 00:00:00+00:00,37.9,23.9,0.1315,1.920496e+07,28.61,30.43,0.68,2024-08
2024-08-01 00:00:00+00:00,37.8,24.0,0.1272,1.9923472e+07,28.76,30.34,0.472,2024-08
2024-08-01 00:00:00+00:00,37.9,23.5,0.0742,2.2807884e+07,29.87,33.15,0.44,2024-08
2024-08-01 00:00:00+00:00,38.0,24.0,0.126,1.9988932e+07,28.69,30.13,1.433,2024-08
2024-08-01 00:00:00+00:00,38.0,23.9,0.1262,1.9646634e+07,28.49,30.14,1.202,2024-08
2024-08-01 00:00:00+00:00,38.0,23.8,0.1101,1.918271e+07,28.37,30.91,0.841,2024-08
2024-08-01 00:00:00+00:00,38.0,23.7,0.0338,1.8751934e+07,28.96,33.88,0.608,2024-08
2024-08-01 00:00:00+00:00,38.0,23.6,0.0723,2.0913476e+07,29.78,32.93,0.593,2024-08
2024-08-01 00:00:00+00:00,38.0,23.5,0.0571,2.1187732e+07,29.83,33.54,0.554,2024-08
2024-08-01 00:00:00+00:00,38.1,24.0,0.1944,2.1733128e+07,28.22,28.18,1.933,2024-08
2024-08-01 00:00:00+00:00,38.1,23.9,0.1721,2.0220906e+07,27.45,28.59,1.55,2024-08
2024-08-01 00:00:00+00:00,38.1,23.8,0.1493,1.9605778e+07,27.01,28.91,1.148,2024-08
2024-08-01 00:00:00+00:00,38.1,23.7,0.1499,1.9405548e+07,27.3,29.47,0.851,2024-08
2024-08-01 00:00:00+00:00,38.1,23.6,0.1163,1.9335956e+07,28.01,30.09,0.692,2024-08
2024-08-01 00:00:00+00:00,38.1,23.5,0.1344,1.9921492e+07,28.18,29.73,0.641,2024-08
2024-09-01 00:00:00+00:00,37.9,23.8,0.1199,1.5780436e+07,24.78,26.13,0.184,2024-09
2024-09-01 00:00:00+00:00,37.9,23.9,0.1512,1.5205822e+07,24.42,25.69,0.238,2024-09
2024-09-01 00:00:00+00:00,37.8,24.0,0.1407,1.5792503e+07,24.8,25.95,0.127,2024-09
2024-09-01 00:00:00+00:00,37.9,23.5,0.0809,1.8252236e+07,25.77,28.14,0.259,2024-09
2024-09-01 00:00:00+00:00,38.0,24.0,0.1516,1.5728592e+07,24.44,25.3,0.56,2024-09
2024-09-01 00:00:00+00:00,38.0,23.9,0.1496,1.5528541e+07,24.13,25.15,0.469,2024-09
2024-09-01 00:00:00+00:00,38.0,23.8,0.128,1.5281734e+07,23.95,25.7,0.332,2024-09
2024-09-01 00:00:00+00:00,38.0,23.7,0.0391,1.5074781e+07,24.74,28.3,0.259,2024-09
2024-09-01 00:00:00+00:00,38.0,23.6,0.0838,1.6718606e+07,25.58,28.0,0.271,2024-09
2024-09-01 00:00:00+00:00,38.0,23.5,0.0667,1.691767e+07,25.65,28.21,0.307,2024-09
2024-09-01 00:00:00+00:00,38.1,24.0,0.2482,1.7040732e+07,24.1,24.41,0.778,2024-09
2024-09-01 00:00:00+00:00,38.1,23.9,0.2242,1.5909763e+07,22.97,23.87,0.688,2024-09
2024-09-01 00:00:00+00:00,38.1,23.8,0.1888,1.5417642e+07,22.35,23.68,0.53,2024-09
2024-09-01 00:00:00+00:00,38.1,23.7,0.1768,1.5227961e+07,22.68,24.12,0.398,2024-09
2024-09-01 00:00:00+00:00,38.1,23.6,0.1421,1.528292e+07,23.46,24.74,0.369,2024-09
2024-09-01 00:00:00+00:00,38.1,23.5,0.1741,1.583975e+07,23.72,24.57,0.412,2024-09
2025-04-01 00:00:00+00:00,37.9,23.8,0.2383,1.7051706e+07,14.92,15.7,1.639,2025-04
2025-04-01 00:00:00+00:00,37.9,23.9,0.2717,1.6488391e+07,14.65,15.37,2.083,2025-04
2025-04-01 00:00:00+00:00,37.8,24.0,0.2406,1.7200518e+07,14.99,15.7,1.938,2025-04
2025-04-01 00:00:00+00:00,37.9,23.5,0.1703,1.932125e+07,15.62,17.33,1.166,2025-04
2025-04-01 00:00:00+00:00,38.0,24.0,0.3006,1.6959038e+07,14.66,15.0,3.064,2025-04
2025-04-01 00:00:00+00:00,38.0,23.9,0.301,1.667176e+07,14.4,14.82,2.729,2025-04
2025-04-01 00:00:00+00:00,38.1,23.6,0.2948,1.6405891e+07,13.7,14.33,1.794,2025-04
2025-04-01 00:00:00+00:00,38.1,23.7,0.3178,1.6429398e+07,13.02,13.73,2.103,2025-04
2025-04-01 00:00:00+00:00,38.1,23.8,0.3307,1.6559605e+07,12.88,13.71,2.494,2025-04
2025-04-01 00:00:00+00:00,38.1,23.9,0.3557,1.70041e+07,13.51,14.17,3.081,2025-04
2025-04-01 00:00:00+00:00,38.1,23.5,0.3107,1.6887754e+07,13.93,14.54,1.604,2025-04
2025-04-01 00:00:00+00:00,38.0,23.5,0.2035,1.7954762e+07,15.47,17.26,1.423,2025-04
2025-04-01 00:00:00+00:00,38.0,23.6,0.2946,1.7778678e+07,15.36,16.92,1.585,2025-04
2025-04-01 00:00:00+00:00,38.0,23.7,0.1925,1.6261507e+07,14.77,16.87,1.717,2025-04
2025-04-01 00:00:00+00:00,38.0,23.8,0.2785,1.6344264e+07,14.21,15.09,2.17,2025-04
2025-04-01 00:00:00+00:00,38.1,24.0,0.3653,1.8153882e+07,14.42,14.76,3.686,2025-04
2025-05-01 00:00:00+00:00,37.8,24.0,0.1508,2.1131858e+07,20.21,21.49,0.394,2025-05
2025-05-01 00:00:00+00:00,37.9,23.9,0.1692,2.0462624e+07,20.09,21.51,0.532,2025-05
2025-05-01 00:00:00+00:00,37.9,23.8,0.1315,2.1134506e+07,20.33,21.82,0.538,2025-05
2025-05-01 00:00:00+00:00,37.9,23.5,0.0901,2.403195e+07,21.26,24.18,0.646,2025-05
2025-05-01 00:00:00+00:00,38.0,23.9,0.1591,2.0855852e+07,20.27,21.33,0.638,2025-05
2025-05-01 00:00:00+00:00,38.1,23.5,0.2279,2.1207244e+07,19.39,20.29,0.871,2025-05
2025-05-01 00:00:00+00:00,38.1,23.6,0.1817,2.0631508e+07,19.36,20.67,0.884,2025-05
2025-05-01 00:00:00+00:00,38.1,23.7,0.2157,2.064569e+07,18.7,19.91,0.862,2025-05
2025-05-01 00:00:00+00:00,38.1,23.8,0.2286,2.0856276e+07,18.63,19.85,0.764,2025-05
2025-05-01 00:00:00+00:00,38.1,23.9,0.2644,2.1428388e+07,19.41,20.16,0.686,2025-05
2025-05-01 00:00:00+00:00,38.0,24.0,0.1525,2.1254416e+07,20.66,21.57,0.598,2025-05
2025-05-01 00:00:00+00:00,38.0,23.5,0.0873,2.2478424e+07,21.14,24.23,0.75,2025-05
2025-05-01 00:00:00+00:00,38.0,23.6,0.1284,2.227406e+07,21.01,23.03,0.751,2025-05
2025-05-01 00:00:00+00:00,38.0,23.7,0.0509,2.012419e+07,20.45,24.68,0.726,2025-05
2025-05-01 00:00:00+00:00,38.0,23.8,0.1468,2.0360882e+07,19.9,21.77,0.702,2025-05
2025-05-01 00:00:00+00:00,38.1,24.0,0.2733,2.291824e+07,20.4,20.2,0.629,2025-05
2025-06-01 00:00:00+00:00,37.9,23.8,0.1097,2.3640246e+07,26.87,28.73,0.158,2025-06
2025-06-01 00:00:00+00:00,37.9,23.9,0.1321,2.293432e+07,26.53,28.34,0.152,2025-06
2025-06-01 00:00:00+00:00,37.8,24.0,0.1275,2.369536e+07,26.66,28.23,0.059,2025-06
2025-06-01 00:00:00+00:00,37.9,23.5,0.0722,2.6848704e+07,28.0,31.53,0.133,2025-06
2025-06-01 00:00:00+00:00,38.0,24.0,0.1077,2.3865544e+07,26.97,28.24,0.216,2025-06
2025-06-01 00:00:00+00:00,38.0,23.9,0.1151,2.3377362e+07,26.66,28.14,0.234,2025-06
2025-06-01 00:00:00+00:00,38.1,23.6,0.1287,2.2983488e+07,25.84,27.68,0.322,2025-06
2025-06-01 00:00:00+00:00,38.1,23.7,0.1599,2.2996336e+07,24.95,26.74,0.349,2025-06
2025-06-01 00:00:00+00:00,38.1,23.8,0.1534,2.3319002e+07,24.76,26.35,0.303,2025-06
2025-06-01 00:00:00+00:00,38.1,23.9,0.1705,2.405611e+07,25.44,26.23,0.268,2025-06
2025-06-01 00:00:00+00:00,38.1,23.5,0.1537,2.3648596e+07,25.96,27.13,0.246,2025-06
2025-06-01 00:00:00+00:00,38.0,23.5,0.0569,2.5082694e+07,27.97,31.85,0.208,2025-06
2025-06-01 00:00:00+00:00,38.0,23.6,0.0751,2.4836076e+07,27.87,30.68,0.269,2025-06
2025-06-01 00:00:00+00:00,38.0,23.7,0.0319,2.2293332e+07,27.01,32.31,0.274,2025-06
2025-06-01 00:00:00+00:00,38.0,23.8,0.1087,2.2714502e+07,26.37,28.85,0.264,2025-06
2025-06-01 00:00:00+00:00,38.1,24.0,0.1763,2.5775106e+07,26.27,25.75,0.252,2025-06
2025-07-01 00:00:00+00:00,37.8,24.0,0.1174,2.3179884e+07,29.23,31.08,0.021,2025-07
2025-07-01 00:00:00+00:00,37.9,23.9,0.116,2.2459568e+07,29.27,31.49,0.052,2025-07
2025-07-01 00:00:00+00:00,37.9,23.8,0.1031,2.3211268e+07,29.5,31.65,0.052,2025-07
2025-07-01 00:00:00+00:00,37.9,23.5,0.0685,2.6730504e+07,30.51,34.35,0.071,2025-07
2025-07-01 00:00:00+00:00,38.0,23.9,0.1019,2.2915284e+07,29.65,31.84,0.085,2025-07
2025-07-01 00:00:00+00:00,38.0,23.8,0.0954,2.2287848e+07,29.3,32.34,0.089,2025-07
2025-07-01 00:00:00+00:00,38.0,23.7,0.0259,2.1866762e+07,29.75,35.46,0.09,2025-07
2025-07-01 00:00:00+00:00,38.0,23.6,0.0645,2.44773e+07,30.61,34.06,0.093,2025-07
2025-07-01 00:00:00+00:00,38.0,23.5,0.05,2.4878614e+07,30.61,34.95,0.096,2025-07
2025-07-01 00:00:00+00:00,38.1,24.0,0.1338,2.53151e+07,29.45,29.93,0.102,2025-07
2025-07-01 00:00:00+00:00,38.1,23.9,0.1231,2.361814e+07,28.8,30.32,0.1,2025-07
2025-07-01 00:00:00+00:00,38.1,23.8,0.1193,2.2922054e+07,28.02,30.35,0.105,2025-07
2025-07-01 00:00:00+00:00,38.1,23.7,0.1305,2.2642724e+07,28.11,30.65,0.127,2025-07
2025-07-01 00:00:00+00:00,38.1,23.6,0.1038,2.2675596e+07,28.9,31.28,0.132,2025-07
2025-07-01 00:00:00+00:00,38.1,23.5,0.1219,2.3457262e+07,28.96,30.65,0.136,2025-07
2025-07-01 00:00:00+00:00,38.0,24.0,0.095,2.3377208e+07,29.97,32.02,0.083,2025-07
2025-08-01 00:00:00+00:00,37.9,23.8,0.1055,1.9812538e+07,27.19,28.83,0.094,2025-08
2025-08-01 00:00:00+00:00,37.9,23.9,0.1219,1.9319838e+07,26.97,28.69,0.119,2025-08
2025-08-01 00:00:00+00:00,37.8,24.0,0.1205,2.007494e+07,27.2,28.65,0.074,2025-08
2025-08-01 00:00:00+00:00,37.9,23.5,0.0706,2.2978732e+07,27.85,30.9,0.077,2025-08
2025-08-01 00:00:00+00:00,38.0,23.9,0.1089,1.9735044e+07,26.85,28.57,0.203,2025-08
2025-08-01 00:00:00+00:00,38.0,23.8,0.1008,1.9267676e+07,26.64,29.07,0.164,2025-08
2025-08-01 00:00:00+00:00,38.0,23.7,0.0282,1.8833064e+07,27.12,31.72,0.136,2025-08
2025-08-01 00:00:00+00:00,38.0,23.6,0.0674,2.101508e+07,27.77,30.61,0.13,2025-08
2025-08-01 00:00:00+00:00,38.0,23.5,0.0529,2.1310536e+07,27.78,31.22,0.114,2025-08
2025-08-01 00:00:00+00:00,38.1,24.0,0.1497,2.180949e+07,26.71,26.94,0.297,2025-08
2025-08-01 00:00:00+00:00,38.1,23.9,0.1367,2.0281112e+07,26.0,27.21,0.251,2025-08
2025-08-01 00:00:00+00:00,38.1,23.8,0.1317,1.9660572e+07,25.46,27.29,0.209,2025-08
2025-08-01 00:00:00+00:00,38.1,23.7,0.1423,1.945756e+07,25.58,27.62,0.191,2025-08
2025-08-01 00:00:00+00:00,38.1,23.6,0.1111,1.9399608e+07,26.15,28.07,0.167,2025-08
2025-08-01 00:00:00+00:00,38.1,23.5,0.1322,2.000818e+07,26.28,27.66,0.147,2025-08
2025-08-01 00:00:00+00:00,38.0,24.0,0.1028,2.0078304e+07,27.1,28.69,0.227,2025-08
2025-09-01 00:00:00+00:00,37.9,23.8,0.1065,1.6062059e+07,24.35,25.55,0.182,2025-09
2025-09-01 00:00:00+00:00,37.9,23.9,0.1193,1.5503416e+07,23.99,25.22,0.188,2025-09
2025-09-01 00:00:00+00:00,37.9,23.5,0.0749,1.855217e+07,25.31,27.47,0.319,2025-09
2025-09-01 00:00:00+00:00,38.0,24.0,0.1007,1.6085703e+07,24.05,25.27,0.293,2025-09
2025-09-01 00:00:00+00:00,38.1,24.0,0.1398,1.7463922e+07,23.64,24.07,0.362,2025-09
2025-09-01 00:00:00+00:00,38.0,23.8,0.1003,1.5577445e+07,23.66,25.46,0.254,2025-09
2025-09-01 00:00:00+00:00,38.0,23.7,0.0316,1.5337914e+07,24.24,27.85,0.246,2025-09
2025-09-01 00:00:00+00:00,38.0,23.6,0.0713,1.7014662e+07,25.06,27.58,0.284,2025-09
2025-09-01 00:00:00+00:00,38.0,23.5,0.0574,1.720649e+07,25.15,27.77,0.319,2025-09
2025-09-01 00:00:00+00:00,38.1,23.9,0.1277,1.6278028e+07,22.88,23.79,0.357,2025-09
2025-09-01 00:00:00+00:00,38.1,23.8,0.125,1.5742475e+07,22.28,23.67,0.331,2025-09
2025-09-01 00:00:00+00:00,38.1,23.7,0.136,1.5516208e+07,22.42,23.97,0.303,2025-09
2025-09-01 00:00:00+00:00,38.1,23.6,0.1096,1.5559074e+07,23.2,24.54,0.314,2025-09
2025-09-01 00:00:00+00:00,38.1,23.5,0.128,1.6111077e+07,23.46,24.37,0.345,2025-09
2025-09-01 00:00:00+00:00,38.0,23.9,0.1072,1.5862337e+07,23.82,25.08,0.277,2025-09
2025-09-01 00:00:00+00:00,37.8,24.0,0.1199,1.6095955e+07,24.25,25.3,0.127,2025-09
